block_num,event_type,block_timestamp,extrinsic_index,from,to,amount,success
552869,balances.Transfer,1657901724,552869-2,4ioG9LWXEDieA4JnXcZajCPfHMj17c93E7rzopW5NeqEt2Bf,4jNX8wojf94MTwUVn4SKEyZ9R37wTb5hHQLDYCjA3JrD4bhL,2.3032947849,1
552869,balances.Transfer,1657901724,552869-3,4kDqXKyMo5fW4s3AYGhfBHgLJoTQNwmQx6h32RssX16TicfA,4jNX8wojf94MTwUVn4SKEyZ9R37wTb5hHQLDYCjA3JrD4bhL,1.9508267049,1
552869,balances.Transfer,1657901724,552869-4,4jbtsgNhpGAzdEGrKRb7g8Mq4ToNUpBVxeye942tWfG3gcYi,4jbtsgNhpGB2vH7xTjpZVzZLy7W4sFyxjvD45x7X1m6BSiGx,0.08835186,1
552869,balances.Transfer,1657901724,552869-4,4jbtsgNhpGAzdEGrKRb7g8Mq4ToNUpBVxeye942tWfG3gcYi,4izr5fTGpVBVQgVgE1KHFC8iyEiDdM8XziXtnyRAejjw5LJU,0.35340744,1
552869,allocations.NewAllocation,1657901724,552869-4,0,4izr5fTGpVBVQgVgE1KHFC8iyEiDdM8XziXtnyRAejjw5LJU,0.35340744,1
552869,balances.Transfer,1657901724,552869-4,4jbtsgNhpGAzdEGrKRb7g8Mq4ToNUpBVxeye942tWfG3gcYi,4jbtsgNhpGB2vH7xTjpZVzZLy7W4sFyxjvD45x7X1m6BSiGx,0.0870195,1
552869,balances.Transfer,1657901724,552869-4,4jbtsgNhpGAzdEGrKRb7g8Mq4ToNUpBVxeye942tWfG3gcYi,4mKpM2fdaEtFKGaKhqMaWYBz4PMc6vWx2KkdxWa8Q286xw8s,0.348078,1
552869,allocations.NewAllocation,1657901724,552869-4,0,4mKpM2fdaEtFKGaKhqMaWYBz4PMc6vWx2KkdxWa8Q286xw8s,0.348078,1
552869,balances.Transfer,1657901724,552869-4,4jbtsgNhpGAzdEGrKRb7g8Mq4ToNUpBVxeye942tWfG3gcYi,4jbtsgNhpGB2vH7xTjpZVzZLy7W4sFyxjvD45x7X1m6BSiGx,0.07330734,1
552869,balances.Transfer,1657901724,552869-4,4jbtsgNhpGAzdEGrKRb7g8Mq4ToNUpBVxeye942tWfG3gcYi,4kv3iaMjj6NTXLP8T9pkAa9xUiqGQhuXZpyjwqLNS43pFtEB,0.29322936,1
552869,allocations.NewAllocation,1657901724,552869-4,0,4kv3iaMjj6NTXLP8T9pkAa9xUiqGQhuXZpyjwqLNS43pFtEB,0.29322936,1
552869,balances.Transfer,1657901724,552869-4,4jbtsgNhpGAzdEGrKRb7g8Mq4ToNUpBVxeye942tWfG3gcYi,4jbtsgNhpGB2vH7xTjpZVzZLy7W4sFyxjvD45x7X1m6BSiGx,0.08482666,1
552869,balances.Transfer,1657901724,552869-4,4jbtsgNhpGAzdEGrKRb7g8Mq4ToNUpBVxeye942tWfG3gcYi,4hgpq1ux9kyjRG3Rtk1eyvsxPg5gBDYz9bF7V27tEuqoBZUr,0.33930664,1
552869,allocations.NewAllocation,1657901724,552869-4,0,4hgpq1ux9kyjRG3Rtk1eyvsxPg5gBDYz9bF7V27tEuqoBZUr,0.33930664,1
552869,balances.Transfer,1657901724,552869-4,4jbtsgNhpGAzdEGrKRb7g8Mq4ToNUpBVxeye942tWfG3gcYi,4jbtsgNhpGB2vH7xTjpZVzZLy7W4sFyxjvD45x7X1m6BSiGx,0.06900032,1
552869,balances.Transfer,1657901724,552869-4,4jbtsgNhpGAzdEGrKRb7g8Mq4ToNUpBVxeye942tWfG3gcYi,4i1XoT1PtpC9AxUtvzaFPfBoeVEUqiA9QjVXqqQHha1VANHo,0.27600128,1
552869,allocations.NewAllocation,1657901724,552869-4,0,4i1XoT1PtpC9AxUtvzaFPfBoeVEUqiA9QjVXqqQHha1VANHo,0.27600128,1
552869,balances.Transfer,1657901724,552869-4,4jbtsgNhpGAzdEGrKRb7g8Mq4ToNUpBVxeye942tWfG3gcYi,4jbtsgNhpGB2vH7xTjpZVzZLy7W4sFyxjvD45x7X1m6BSiGx,0.07680014,1
552869,balances.Transfer,1657901724,552869-4,4jbtsgNhpGAzdEGrKRb7g8Mq4ToNUpBVxeye942tWfG3gcYi,4nerz4Y4BMgznE95MRRtumKcEqvcyBjPdGz7u18LrzJyKk6v,0.30720056,1
552869,allocations.NewAllocation,1657901724,552869-4,0,4nerz4Y4BMgznE95MRRtumKcEqvcyBjPdGz7u18LrzJyKk6v,0.30720056,1
552869,balances.Transfer,1657901724,552869-4,4jbtsgNhpGAzdEGrKRb7g8Mq4ToNUpBVxeye942tWfG3gcYi,4jbtsgNhpGB2vH7xTjpZVzZLy7W4sFyxjvD45x7X1m6BSiGx,0.07321018,1
552869,balances.Transfer,1657901724,552869-4,4jbtsgNhpGAzdEGrKRb7g8Mq4ToNUpBVxeye942tWfG3gcYi,4iPzEVvPrKa3Nvn9a9EScSHJ2xTicf6Lt55M4LXpubR8GMJJ,0.29284072,1
552869,allocations.NewAllocation,1657901724,552869-4,0,4iPzEVvPrKa3Nvn9a9EScSHJ2xTicf6Lt55M4LXpubR8GMJJ,0.29284072,1
552869,balances.Transfer,1657901724,552869-4,4jbtsgNhpGAzdEGrKRb7g8Mq4ToNUpBVxeye942tWfG3gcYi,4jbtsgNhpGB2vH7xTjpZVzZLy7W4sFyxjvD45x7X1m6BSiGx,0.076703,1
552869,balances.Transfer,1657901724,552869-4,4jbtsgNhpGAzdEGrKRb7g8Mq4ToNUpBVxeye942tWfG3gcYi,4iMpzQs7icXfZ1Q8UMDB6fozWFdBNEhJQfr5f5R79orzjvqu,0.306812,1
552869,allocations.NewAllocation,1657901724,552869-4,0,4iMpzQs7icXfZ1Q8UMDB6fozWFdBNEhJQfr5f5R79orzjvqu,0.306812,1
552869,balances.Transfer,1657901724,552869-4,4jbtsgNhpGAzdEGrKRb7g8Mq4ToNUpBVxeye942tWfG3gcYi,4jbtsgNhpGB2vH7xTjpZVzZLy7W4sFyxjvD45x7X1m6BSiGx,0.08616596,1
552869,balances.Transfer,1657901724,552869-4,4jbtsgNhpGAzdEGrKRb7g8Mq4ToNUpBVxeye942tWfG3gcYi,4mPYekpqaWmHyjt4hUuBLRzTNG2BuCG4Wr3gQbQy8Q9aYnSc,0.34466384,1
552869,allocations.NewAllocation,1657901724,552869-4,0,4mPYekpqaWmHyjt4hUuBLRzTNG2BuCG4Wr3gQbQy8Q9aYnSc,0.34466384,1
552869,balances.Transfer,1657901724,552869-4,4jbtsgNhpGAzdEGrKRb7g8Mq4ToNUpBVxeye942tWfG3gcYi,4jbtsgNhpGB2vH7xTjpZVzZLy7W4sFyxjvD45x7X1m6BSiGx,0.0806168,1
552869,balances.Transfer,1657901724,552869-4,4jbtsgNhpGAzdEGrKRb7g8Mq4ToNUpBVxeye942tWfG3gcYi,4nHyk4qEQGy8is2rTgTuccSobk42tt9hDstFmgVS3yk86SXq,0.3224672,1
552869,allocations.NewAllocation,1657901724,552869-4,0,4nHyk4qEQGy8is2rTgTuccSobk42tt9hDstFmgVS3yk86SXq,0.3224672,1
552869,balances.Transfer,1657901724,552869-4,4jbtsgNhpGAzdEGrKRb7g8Mq4ToNUpBVxeye942tWfG3gcYi,4jbtsgNhpGB2vH7xTjpZVzZLy7W4sFyxjvD45x7X1m6BSiGx,0.0817988,1
552869,balances.Transfer,1657901724,552869-4,4jbtsgNhpGAzdEGrKRb7g8Mq4ToNUpBVxeye942tWfG3gcYi,4mwBeAvT4rWjEHSTs53SmCcML8yPMSEkvQUTpxDMdeRToW1C,0.3271952,1
552869,allocations.NewAllocation,1657901724,552869-4,0,4mwBeAvT4rWjEHSTs53SmCcML8yPMSEkvQUTpxDMdeRToW1C,0.3271952,1
552869,balances.Transfer,1657901724,552869-4,4jbtsgNhpGAzdEGrKRb7g8Mq4ToNUpBVxeye942tWfG3gcYi,4jbtsgNhpGB2vH7xTjpZVzZLy7W4sFyxjvD45x7X1m6BSiGx,0.08272172,1
552869,balances.Transfer,1657901724,552869-4,4jbtsgNhpGAzdEGrKRb7g8Mq4ToNUpBVxeye942tWfG3gcYi,4hxHDdJ6DWfJCsVecpBi4MB49M7c4ujnH7974evVsNZBGuWK,0.33088688,1
552869,allocations.NewAllocation,1657901724,552869-4,0,4hxHDdJ6DWfJCsVecpBi4MB49M7c4ujnH7974evVsNZBGuWK,0.33088688,1
552869,balances.Transfer,1657901724,552869-4,4jbtsgNhpGAzdEGrKRb7g8Mq4ToNUpBVxeye942tWfG3gcYi,4jbtsgNhpGB2vH7xTjpZVzZLy7W4sFyxjvD45x7X1m6BSiGx,0.06970118,1
552869,balances.Transfer,1657901724,552869-4,4jbtsgNhpGAzdEGrKRb7g8Mq4ToNUpBVxeye942tWfG3gcYi,4jrjTyttDvok4T7xHqWDufzKkYJ3Zk7esPmCv4c3fzYgi4vS,0.27880472,1
552869,allocations.NewAllocation,1657901724,552869-4,0,4jrjTyttDvok4T7xHqWDufzKkYJ3Zk7esPmCv4c3fzYgi4vS,0.27880472,1
552869,balances.Transfer,1657901724,552869-4,4jbtsgNhpGAzdEGrKRb7g8Mq4ToNUpBVxeye942tWfG3gcYi,4jbtsgNhpGB2vH7xTjpZVzZLy7W4sFyxjvD45x7X1m6BSiGx,0.09187936,1
552869,balances.Transfer,1657901724,552869-4,4jbtsgNhpGAzdEGrKRb7g8Mq4ToNUpBVxeye942tWfG3gcYi,4kXa7EQq7Qz5dHnmBemWLggH26LeZ3PwZK9NE3x9e6HnPoRd,0.36751744,1
552869,allocations.NewAllocation,1657901724,552869-4,0,4kXa7EQq7Qz5dHnmBemWLggH26LeZ3PwZK9NE3x9e6HnPoRd,0.36751744,1
552869,balances.Transfer,1657901724,552869-4,4jbtsgNhpGAzdEGrKRb7g8Mq4ToNUpBVxeye942tWfG3gcYi,4jbtsgNhpGB2vH7xTjpZVzZLy7W4sFyxjvD45x7X1m6BSiGx,0.08698944,1
552869,balances.Transfer,1657901724,552869-4,4jbtsgNhpGAzdEGrKRb7g8Mq4ToNUpBVxeye942tWfG3gcYi,4jt4gxzsBDvA5GQcGYrjE9NJJTJfqdDmqpzEnkYZqqX81QGn,0.34795776,1
552869,allocations.NewAllocation,1657901724,552869-4,0,4jt4gxzsBDvA5GQcGYrjE9NJJTJfqdDmqpzEnkYZqqX81QGn,0.34795776,1
552869,balances.Transfer,1657901724,552869-4,4jbtsgNhpGAzdEGrKRb7g8Mq4ToNUpBVxeye942tWfG3gcYi,4jbtsgNhpGB2vH7xTjpZVzZLy7W4sFyxjvD45x7X1m6BSiGx,0.08884686,1
552869,balances.Transfer,1657901724,552869-4,4jbtsgNhpGAzdEGrKRb7g8Mq4ToNUpBVxeye942tWfG3gcYi,4hSwFLxedPbRWM3f6mPXk7HkiNPfqbBJBqVecQPWQeWw6Aas,0.35538744,1
552869,allocations.NewAllocation,1657901724,552869-4,0,4hSwFLxedPbRWM3f6mPXk7HkiNPfqbBJBqVecQPWQeWw6Aas,0.35538744,1
552869,balances.Transfer,1657901724,552869-4,4jbtsgNhpGAzdEGrKRb7g8Mq4ToNUpBVxeye942tWfG3gcYi,4jbtsgNhpGB2vH7xTjpZVzZLy7W4sFyxjvD45x7X1m6BSiGx,0.06802648,1
552869,balances.Transfer,1657901724,552869-4,4jbtsgNhpGAzdEGrKRb7g8Mq4ToNUpBVxeye942tWfG3gcYi,4k8ofX7yZfCxRX5WmZRK2qBJ3iKgbrJmS4uaEe5nRPaPGgyP,0.27210592,1
552869,allocations.NewAllocation,1657901724,552869-4,0,4k8ofX7yZfCxRX5WmZRK2qBJ3iKgbrJmS4uaEe5nRPaPGgyP,0.27210592,1
552869,balances.Transfer,1657901724,552869-4,4jbtsgNhpGAzdEGrKRb7g8Mq4ToNUpBVxeye942tWfG3gcYi,4jbtsgNhpGB2vH7xTjpZVzZLy7W4sFyxjvD45x7X1m6BSiGx,0.06552832,1
552869,balances.Transfer,1657901724,552869-4,4jbtsgNhpGAzdEGrKRb7g8Mq4ToNUpBVxeye942tWfG3gcYi,4mkz7j7VFEijTneTKBwte4mRnAVVfFZACgK42j5ssEgkc5hd,0.26211328,1
552869,allocations.NewAllocation,1657901724,552869-4,0,4mkz7j7VFEijTneTKBwte4mRnAVVfFZACgK42j5ssEgkc5hd,0.26211328,1
552869,balances.Transfer,1657901724,552869-4,4jbtsgNhpGAzdEGrKRb7g8Mq4ToNUpBVxeye942tWfG3gcYi,4jbtsgNhpGB2vH7xTjpZVzZLy7W4sFyxjvD45x7X1m6BSiGx,0.08369324,1
552869,balances.Transfer,1657901724,552869-4,4jbtsgNhpGAzdEGrKRb7g8Mq4ToNUpBVxeye942tWfG3gcYi,4kQWGwAmxWxzaStJpCVQC2ADgdsvPKq5C8Qya7QYUxdvr1EU,0.33477296,1
552869,allocations.NewAllocation,1657901724,552869-4,0,4kQWGwAmxWxzaStJpCVQC2ADgdsvPKq5C8Qya7QYUxdvr1EU,0.33477296,1
552869,balances.Transfer,1657901724,552869-4,4jbtsgNhpGAzdEGrKRb7g8Mq4ToNUpBVxeye942tWfG3gcYi,4jbtsgNhpGB2vH7xTjpZVzZLy7W4sFyxjvD45x7X1m6BSiGx,0.07641154,1
552869,balances.Transfer,1657901724,552869-4,4jbtsgNhpGAzdEGrKRb7g8Mq4ToNUpBVxeye942tWfG3gcYi,4nEzN7TrRRjKJhfm9QjjJxwJtmAb6JiwXcdxeNVZjGyiMrRC,0.30564616,1
552869,allocations.NewAllocation,1657901724,552869-4,0,4nEzN7TrRRjKJhfm9QjjJxwJtmAb6JiwXcdxeNVZjGyiMrRC,0.30564616,1
552869,balances.Transfer,1657901724,552869-4,4jbtsgNhpGAzdEGrKRb7g8Mq4ToNUpBVxeye942tWfG3gcYi,4jbtsgNhpGB2vH7xTjpZVzZLy7W4sFyxjvD45x7X1m6BSiGx,0.0781834,1
552869,balances.Transfer,1657901724,552869-4,4jbtsgNhpGAzdEGrKRb7g8Mq4ToNUpBVxeye942tWfG3gcYi,4mdWcT6L7bGmgazGWdgmAQPULSkU8z278zXuitxqCAuoXPPY,0.3127336,1
552869,allocations.NewAllocation,1657901724,552869-4,0,4mdWcT6L7bGmgazGWdgmAQPULSkU8z278zXuitxqCAuoXPPY,0.3127336,1
552869,balances.Transfer,1657901724,552869-4,4jbtsgNhpGAzdEGrKRb7g8Mq4ToNUpBVxeye942tWfG3gcYi,4jbtsgNhpGB2vH7xTjpZVzZLy7W4sFyxjvD45x7X1m6BSiGx,0.08991552,1
552869,balances.Transfer,1657901724,552869-4,4jbtsgNhpGAzdEGrKRb7g8Mq4ToNUpBVxeye942tWfG3gcYi,4nbbZyPCP2aMceSAezupatbawuk26NiooJVXZDE1nrQ7uQbN,0.35966208,1
552869,allocations.NewAllocation,1657901724,552869-4,0,4nbbZyPCP2aMceSAezupatbawuk26NiooJVXZDE1nrQ7uQbN,0.35966208,1
552869,balances.Transfer,1657901724,552869-4,4jbtsgNhpGAzdEGrKRb7g8Mq4ToNUpBVxeye942tWfG3gcYi,4jbtsgNhpGB2vH7xTjpZVzZLy7W4sFyxjvD45x7X1m6BSiGx,0.07503292,1
552869,balances.Transfer,1657901724,552869-4,4jbtsgNhpGAzdEGrKRb7g8Mq4ToNUpBVxeye942tWfG3gcYi,4i6FSZp9rwd5EFJtcKoPrapHgDVQWrN9aFU6vmvjVCCFhfBS,0.30013168,1
552869,allocations.NewAllocation,1657901724,552869-4,0,4i6FSZp9rwd5EFJtcKoPrapHgDVQWrN9aFU6vmvjVCCFhfBS,0.30013168,1
552869,balances.Transfer,1657901724,552869-4,4jbtsgNhpGAzdEGrKRb7g8Mq4ToNUpBVxeye942tWfG3gcYi,4jbtsgNhpGB2vH7xTjpZVzZLy7W4sFyxjvD45x7X1m6BSiGx,0.09014222,1
552869,balances.Transfer,1657901724,552869-4,4jbtsgNhpGAzdEGrKRb7g8Mq4ToNUpBVxeye942tWfG3gcYi,4njm2ph9PMPdnZGBVT2s4dgSR2KShCoFqahNcZh2KQiN4V9F,0.36056888,1
552869,allocations.NewAllocation,1657901724,552869-4,0,4njm2ph9PMPdnZGBVT2s4dgSR2KShCoFqahNcZh2KQiN4V9F,0.36056888,1
552869,balances.Transfer,1657901724,552869-4,4jbtsgNhpGAzdEGrKRb7g8Mq4ToNUpBVxeye942tWfG3gcYi,4jbtsgNhpGB2vH7xTjpZVzZLy7W4sFyxjvD45x7X1m6BSiGx,0.07997144,1
552869,balances.Transfer,1657901724,552869-4,4jbtsgNhpGAzdEGrKRb7g8Mq4ToNUpBVxeye942tWfG3gcYi,4j4mAS2S65hfEQadodZT88mwvTsspS2WD85jToex6Y1URtBb,0.31988576,1
552869,allocations.NewAllocation,1657901724,552869-4,0,4j4mAS2S65hfEQadodZT88mwvTsspS2WD85jToex6Y1URtBb,0.31988576,1
552869,balances.Transfer,1657901724,552869-4,4jbtsgNhpGAzdEGrKRb7g8Mq4ToNUpBVxeye942tWfG3gcYi,4jbtsgNhpGB2vH7xTjpZVzZLy7W4sFyxjvD45x7X1m6BSiGx,0.07644392,1
552869,balances.Transfer,1657901724,552869-4,4jbtsgNhpGAzdEGrKRb7g8Mq4ToNUpBVxeye942tWfG3gcYi,4kHf5h8SQuKFJTTuFvvYSHwJ7SvTSDM5CDJkvxJFr5B3Erj6,0.30577568,1
552869,allocations.NewAllocation,1657901724,552869-4,0,4kHf5h8SQuKFJTTuFvvYSHwJ7SvTSDM5CDJkvxJFr5B3Erj6,0.30577568,1
552869,balances.Transfer,1657901724,552869-4,4jbtsgNhpGAzdEGrKRb7g8Mq4ToNUpBVxeye942tWfG3gcYi,4jbtsgNhpGB2vH7xTjpZVzZLy7W4sFyxjvD45x7X1m6BSiGx,0.0878638,1
552869,balances.Transfer,1657901724,552869-4,4jbtsgNhpGAzdEGrKRb7g8Mq4ToNUpBVxeye942tWfG3gcYi,4knGHjaaf9qKigCCjcCPF7e4xJCoJL6uoSAJALqjLyrEqEEj,0.3514552,1
552869,allocations.NewAllocation,1657901724,552869-4,0,4knGHjaaf9qKigCCjcCPF7e4xJCoJL6uoSAJALqjLyrEqEEj,0.3514552,1
552869,balances.Transfer,1657901724,552869-4,4jbtsgNhpGAzdEGrKRb7g8Mq4ToNUpBVxeye942tWfG3gcYi,4jbtsgNhpGB2vH7xTjpZVzZLy7W4sFyxjvD45x7X1m6BSiGx,0.07216002,1
552869,balances.Transfer,1657901724,552869-4,4jbtsgNhpGAzdEGrKRb7g8Mq4ToNUpBVxeye942tWfG3gcYi,4irL9MyAeBZzDhSE8CPm8zF5xYK7mywYJnth6EGAVJFWmgwf,0.28864008,1
552869,allocations.NewAllocation,1657901724,552869-4,0,4irL9MyAeBZzDhSE8CPm8zF5xYK7mywYJnth6EGAVJFWmgwf,0.28864008,1
552869,balances.Transfer,1657901724,552869-4,4jbtsgNhpGAzdEGrKRb7g8Mq4ToNUpBVxeye942tWfG3gcYi,4jbtsgNhpGB2vH7xTjpZVzZLy7W4sFyxjvD45x7X1m6BSiGx,0.0714661,1
552869,balances.Transfer,1657901724,552869-4,4jbtsgNhpGAzdEGrKRb7g8Mq4ToNUpBVxeye942tWfG3gcYi,4itzg9ihzTM8merqze4yQY4xvAZCXU8jKkTSTrThDzspYCjS,0.2858644,1
552869,allocations.NewAllocation,1657901724,552869-4,0,4itzg9ihzTM8merqze4yQY4xvAZCXU8jKkTSTrThDzspYCjS,0.2858644,1
552869,balances.Transfer,1657901724,552869-4,4jbtsgNhpGAzdEGrKRb7g8Mq4ToNUpBVxeye942tWfG3gcYi,4jbtsgNhpGB2vH7xTjpZVzZLy7W4sFyxjvD45x7X1m6BSiGx,0.09007282,1
552869,balances.Transfer,1657901724,552869-4,4jbtsgNhpGAzdEGrKRb7g8Mq4ToNUpBVxeye942tWfG3gcYi,4h9z2kBxEXKzFXNCx2He6PWUEdAcPJrX9sX3CXZKmMNaZWxa,0.36029128,1
552869,allocations.NewAllocation,1657901724,552869-4,0,4h9z2kBxEXKzFXNCx2He6PWUEdAcPJrX9sX3CXZKmMNaZWxa,0.36029128,1
552869,balances.Transfer,1657901724,552869-4,4jbtsgNhpGAzdEGrKRb7g8Mq4ToNUpBVxeye942tWfG3gcYi,4jbtsgNhpGB2vH7xTjpZVzZLy7W4sFyxjvD45x7X1m6BSiGx,0.08639264,1
552869,balances.Transfer,1657901724,552869-4,4jbtsgNhpGAzdEGrKRb7g8Mq4ToNUpBVxeye942tWfG3gcYi,4n5ZzzCZxKCWYiNhdxy3M9wK8iKcmeHfExKQMQLfkdusWLiw,0.34557056,1
552869,allocations.NewAllocation,1657901724,552869-4,0,4n5ZzzCZxKCWYiNhdxy3M9wK8iKcmeHfExKQMQLfkdusWLiw,0.34557056,1
552869,balances.Transfer,1657901724,552869-4,4jbtsgNhpGAzdEGrKRb7g8Mq4ToNUpBVxeye942tWfG3gcYi,4jbtsgNhpGB2vH7xTjpZVzZLy7W4sFyxjvD45x7X1m6BSiGx,0.06990474,1
552869,balances.Transfer,1657901724,552869-4,4jbtsgNhpGAzdEGrKRb7g8Mq4ToNUpBVxeye942tWfG3gcYi,4mjH2i6wZywSxYKoEMwuWctDAyBwRMdUmKmLtSAHRJgcU57s,0.27961896,1
552869,allocations.NewAllocation,1657901724,552869-4,0,4mjH2i6wZywSxYKoEMwuWctDAyBwRMdUmKmLtSAHRJgcU57s,0.27961896,1
552869,balances.Transfer,1657901724,552869-4,4jbtsgNhpGAzdEGrKRb7g8Mq4ToNUpBVxeye942tWfG3gcYi,4jbtsgNhpGB2vH7xTjpZVzZLy7W4sFyxjvD45x7X1m6BSiGx,0.07754728,1
552869,balances.Transfer,1657901724,552869-4,4jbtsgNhpGAzdEGrKRb7g8Mq4ToNUpBVxeye942tWfG3gcYi,4kF5zZ22hopWXYp7G7krrkq8aMf5VRy1Dcayb32XxJjTLsc9,0.31018912,1
552869,allocations.NewAllocation,1657901724,552869-4,0,4kF5zZ22hopWXYp7G7krrkq8aMf5VRy1Dcayb32XxJjTLsc9,0.31018912,1
552869,balances.Transfer,1657901724,552869-4,4jbtsgNhpGAzdEGrKRb7g8Mq4ToNUpBVxeye942tWfG3gcYi,4jbtsgNhpGB2vH7xTjpZVzZLy7W4sFyxjvD45x7X1m6BSiGx,0.09064184,1
552869,balances.Transfer,1657901724,552869-4,4jbtsgNhpGAzdEGrKRb7g8Mq4ToNUpBVxeye942tWfG3gcYi,4nZLrLYz4agouraWWG3VKohsSefsXc7nKjj8rdazix8UgUZX,0.36256736,1
552869,allocations.NewAllocation,1657901724,552869-4,0,4nZLrLYz4agouraWWG3VKohsSefsXc7nKjj8rdazix8UgUZX,0.36256736,1
552869,balances.Transfer,1657901724,552869-4,4jbtsgNhpGAzdEGrKRb7g8Mq4ToNUpBVxeye942tWfG3gcYi,4jbtsgNhpGB2vH7xTjpZVzZLy7W4sFyxjvD45x7X1m6BSiGx,0.08958476,1
552869,balances.Transfer,1657901724,552869-4,4jbtsgNhpGAzdEGrKRb7g8Mq4ToNUpBVxeye942tWfG3gcYi,4m6CSEeM571uH8tBjnvPrdjvuqpHunQ546jcpbbtaTActhD5,0.35833904,1
552869,allocations.NewAllocation,1657901724,552869-4,0,4m6CSEeM571uH8tBjnvPrdjvuqpHunQ546jcpbbtaTActhD5,0.35833904,1
552869,balances.Transfer,1657901724,552869-4,4jbtsgNhpGAzdEGrKRb7g8Mq4ToNUpBVxeye942tWfG3gcYi,4jbtsgNhpGB2vH7xTjpZVzZLy7W4sFyxjvD45x7X1m6BSiGx,0.06480662,1
552869,balances.Transfer,1657901724,552869-4,4jbtsgNhpGAzdEGrKRb7g8Mq4ToNUpBVxeye942tWfG3gcYi,4mZ61P7QqmWBb5udgCqf6F6KTqbLxowb47mkQUaEGbDJTJX9,0.25922648,1
552869,allocations.NewAllocation,1657901724,552869-4,0,4mZ61P7QqmWBb5udgCqf6F6KTqbLxowb47mkQUaEGbDJTJX9,0.25922648,1
552869,balances.Transfer,1657901724,552869-4,4jbtsgNhpGAzdEGrKRb7g8Mq4ToNUpBVxeye942tWfG3gcYi,4jbtsgNhpGB2vH7xTjpZVzZLy7W4sFyxjvD45x7X1m6BSiGx,0.07249544,1
552869,balances.Transfer,1657901724,552869-4,4jbtsgNhpGAzdEGrKRb7g8Mq4ToNUpBVxeye942tWfG3gcYi,4iRC5KPoygEevo15D32YaiavqxCvS5n1ptxX26nToALnZf85,0.28998176,1
552869,allocations.NewAllocation,1657901724,552869-4,0,4iRC5KPoygEevo15D32YaiavqxCvS5n1ptxX26nToALnZf85,0.28998176,1
552869,balances.Transfer,1657901724,552869-4,4jbtsgNhpGAzdEGrKRb7g8Mq4ToNUpBVxeye942tWfG3gcYi,4jbtsgNhpGB2vH7xTjpZVzZLy7W4sFyxjvD45x7X1m6BSiGx,0.08602486,1
552869,balances.Transfer,1657901724,552869-4,4jbtsgNhpGAzdEGrKRb7g8Mq4ToNUpBVxeye942tWfG3gcYi,4idvM6GHyDGZPbGmTUP2vaPQHuSpzzTTzyt4H2PKeSC6oYJs,0.34409944,1
552869,allocations.NewAllocation,1657901724,552869-4,0,4idvM6GHyDGZPbGmTUP2vaPQHuSpzzTTzyt4H2PKeSC6oYJs,0.34409944,1
552869,balances.Transfer,1657901724,552869-4,4jbtsgNhpGAzdEGrKRb7g8Mq4ToNUpBVxeye942tWfG3gcYi,4jbtsgNhpGB2vH7xTjpZVzZLy7W4sFyxjvD45x7X1m6BSiGx,0.0860503,1
552869,balances.Transfer,1657901724,552869-4,4jbtsgNhpGAzdEGrKRb7g8Mq4ToNUpBVxeye942tWfG3gcYi,4nPxx9omsWw9qwrqLtkZk3wwpyFKo8jNiwqWrucUPzVwryYm,0.3442012,1
552869,allocations.NewAllocation,1657901724,552869-4,0,4nPxx9omsWw9qwrqLtkZk3wwpyFKo8jNiwqWrucUPzVwryYm,0.3442012,1
552869,balances.Transfer,1657901724,552869-4,4jbtsgNhpGAzdEGrKRb7g8Mq4ToNUpBVxeye942tWfG3gcYi,4jbtsgNhpGB2vH7xTjpZVzZLy7W4sFyxjvD45x7X1m6BSiGx,0.0906858,1
552869,balances.Transfer,1657901724,552869-4,4jbtsgNhpGAzdEGrKRb7g8Mq4ToNUpBVxeye942tWfG3gcYi,4iZD8De8WshzxZq6rEgnmMZ1aSnUkMvcrXWrMRiLDYKrWg9P,0.3627432,1
552869,allocations.NewAllocation,1657901724,552869-4,0,4iZD8De8WshzxZq6rEgnmMZ1aSnUkMvcrXWrMRiLDYKrWg9P,0.3627432,1
552869,balances.Transfer,1657901724,552869-4,4jbtsgNhpGAzdEGrKRb7g8Mq4ToNUpBVxeye942tWfG3gcYi,4jbtsgNhpGB2vH7xTjpZVzZLy7W4sFyxjvD45x7X1m6BSiGx,0.07012912,1
552869,balances.Transfer,1657901724,552869-4,4jbtsgNhpGAzdEGrKRb7g8Mq4ToNUpBVxeye942tWfG3gcYi,4kAR822cxpuwQYZASJjp3CVLmrJWuPBoAQFe3QzK85LsUKH6,0.28051648,1
552869,allocations.NewAllocation,1657901724,552869-4,0,4kAR822cxpuwQYZASJjp3CVLmrJWuPBoAQFe3QzK85LsUKH6,0.28051648,1
552869,balances.Transfer,1657901724,552869-4,4jbtsgNhpGAzdEGrKRb7g8Mq4ToNUpBVxeye942tWfG3gcYi,4jbtsgNhpGB2vH7xTjpZVzZLy7W4sFyxjvD45x7X1m6BSiGx,0.07479236,1
552869,balances.Transfer,1657901724,552869-4,4jbtsgNhpGAzdEGrKRb7g8Mq4ToNUpBVxeye942tWfG3gcYi,4hbGaofFgYC7G2R6pedsdL1ae1H9hW8gmaFFZwzVU4Edw1Jj,0.29916944,1
552869,allocations.NewAllocation,1657901724,552869-4,0,4hbGaofFgYC7G2R6pedsdL1ae1H9hW8gmaFFZwzVU4Edw1Jj,0.29916944,1
552869,balances.Transfer,1657901724,552869-4,4jbtsgNhpGAzdEGrKRb7g8Mq4ToNUpBVxeye942tWfG3gcYi,4jbtsgNhpGB2vH7xTjpZVzZLy7W4sFyxjvD45x7X1m6BSiGx,0.08553448,1
552869,balances.Transfer,1657901724,552869-4,4jbtsgNhpGAzdEGrKRb7g8Mq4ToNUpBVxeye942tWfG3gcYi,4nLo3eAHWAZVbv2aVfmdBFx6oy4NSHtLX58bSohKNzWb6wrx,0.34213792,1
552869,allocations.NewAllocation,1657901724,552869-4,0,4nLo3eAHWAZVbv2aVfmdBFx6oy4NSHtLX58bSohKNzWb6wrx,0.34213792,1
552869,balances.Transfer,1657901724,552869-4,4jbtsgNhpGAzdEGrKRb7g8Mq4ToNUpBVxeye942tWfG3gcYi,4jbtsgNhpGB2vH7xTjpZVzZLy7W4sFyxjvD45x7X1m6BSiGx,0.08383202,1
552869,balances.Transfer,1657901724,552869-4,4jbtsgNhpGAzdEGrKRb7g8Mq4ToNUpBVxeye942tWfG3gcYi,4km1xQz34p3MGnrGSgy2m3hgnk2UumZHCydZ7YtoRg8hBLsN,0.33532808,1
552869,allocations.NewAllocation,1657901724,552869-4,0,4km1xQz34p3MGnrGSgy2m3hgnk2UumZHCydZ7YtoRg8hBLsN,0.33532808,1
552869,balances.Transfer,1657901724,552869-4,4jbtsgNhpGAzdEGrKRb7g8Mq4ToNUpBVxeye942tWfG3gcYi,4jbtsgNhpGB2vH7xTjpZVzZLy7W4sFyxjvD45x7X1m6BSiGx,0.08969578,1
552869,balances.Transfer,1657901724,552869-4,4jbtsgNhpGAzdEGrKRb7g8Mq4ToNUpBVxeye942tWfG3gcYi,4mdTxS8YsGodZz1yZVvYQhkyouoDxD6q7QUi8XBtNJ6iWKYf,0.35878312,1
552869,allocations.NewAllocation,1657901724,552869-4,0,4mdTxS8YsGodZz1yZVvYQhkyouoDxD6q7QUi8XBtNJ6iWKYf,0.35878312,1
552869,balances.Transfer,1657901724,552869-4,4jbtsgNhpGAzdEGrKRb7g8Mq4ToNUpBVxeye942tWfG3gcYi,4jbtsgNhpGB2vH7xTjpZVzZLy7W4sFyxjvD45x7X1m6BSiGx,0.09168738,1
552869,balances.Transfer,1657901724,552869-4,4jbtsgNhpGAzdEGrKRb7g8Mq4ToNUpBVxeye942tWfG3gcYi,4jvc9tNWDnQj6BT5YgzWjaFrdmXcPsbpJrkF5hfXWFpUanBV,0.36674952,1
552869,allocations.NewAllocation,1657901724,552869-4,0,4jvc9tNWDnQj6BT5YgzWjaFrdmXcPsbpJrkF5hfXWFpUanBV,0.36674952,1
552869,balances.Transfer,1657901724,552869-4,4jbtsgNhpGAzdEGrKRb7g8Mq4ToNUpBVxeye942tWfG3gcYi,4jbtsgNhpGB2vH7xTjpZVzZLy7W4sFyxjvD45x7X1m6BSiGx,0.08246034,1
552869,balances.Transfer,1657901724,552869-4,4jbtsgNhpGAzdEGrKRb7g8Mq4ToNUpBVxeye942tWfG3gcYi,4iQwMt7uS4NbqT65QSLgUHHTR6e8JY443Z9WbJ3PaXF1JMaV,0.32984136,1
552869,allocations.NewAllocation,1657901724,552869-4,0,4iQwMt7uS4NbqT65QSLgUHHTR6e8JY443Z9WbJ3PaXF1JMaV,0.32984136,1
552869,balances.Transfer,1657901724,552869-4,4jbtsgNhpGAzdEGrKRb7g8Mq4ToNUpBVxeye942tWfG3gcYi,4jbtsgNhpGB2vH7xTjpZVzZLy7W4sFyxjvD45x7X1m6BSiGx,0.08380196,1
552869,balances.Transfer,1657901724,552869-4,4jbtsgNhpGAzdEGrKRb7g8Mq4ToNUpBVxeye942tWfG3gcYi,4mkgCbCjtsxaXaRqdvHDCASr2kxKrYtzP1iCRHD9JboG4gBe,0.33520784,1
552869,allocations.NewAllocation,1657901724,552869-4,0,4mkgCbCjtsxaXaRqdvHDCASr2kxKrYtzP1iCRHD9JboG4gBe,0.33520784,1
552869,balances.Transfer,1657901724,552869-4,4jbtsgNhpGAzdEGrKRb7g8Mq4ToNUpBVxeye942tWfG3gcYi,4jbtsgNhpGB2vH7xTjpZVzZLy7W4sFyxjvD45x7X1m6BSiGx,0.0705339,1
552869,balances.Transfer,1657901724,552869-4,4jbtsgNhpGAzdEGrKRb7g8Mq4ToNUpBVxeye942tWfG3gcYi,4mRYDDwK2a8Uq6mRu1suHb3hc1NJzpRADhfmRjCL39AgqCHw,0.2821356,1
552869,allocations.NewAllocation,1657901724,552869-4,0,4mRYDDwK2a8Uq6mRu1suHb3hc1NJzpRADhfmRjCL39AgqCHw,0.2821356,1
552869,balances.Transfer,1657901724,552869-4,4jbtsgNhpGAzdEGrKRb7g8Mq4ToNUpBVxeye942tWfG3gcYi,4jbtsgNhpGB2vH7xTjpZVzZLy7W4sFyxjvD45x7X1m6BSiGx,0.07091094,1
552869,balances.Transfer,1657901724,552869-4,4jbtsgNhpGAzdEGrKRb7g8Mq4ToNUpBVxeye942tWfG3gcYi,4hijuTGu7XjcY7i7UvoNXx92hnKVa9t4U4P1AWhVJyuf8eNT,0.28364376,1
552869,allocations.NewAllocation,1657901724,552869-4,0,4hijuTGu7XjcY7i7UvoNXx92hnKVa9t4U4P1AWhVJyuf8eNT,0.28364376,1
552869,balances.Transfer,1657901724,552869-4,4jbtsgNhpGAzdEGrKRb7g8Mq4ToNUpBVxeye942tWfG3gcYi,4jbtsgNhpGB2vH7xTjpZVzZLy7W4sFyxjvD45x7X1m6BSiGx,0.06684218,1
552869,balances.Transfer,1657901724,552869-4,4jbtsgNhpGAzdEGrKRb7g8Mq4ToNUpBVxeye942tWfG3gcYi,4n8PesZMgnb8cF9YUz5BdNAFwYZ6yAKuTTGwVY3WntRZsC5Z,0.26736872,1
552869,allocations.NewAllocation,1657901724,552869-4,0,4n8PesZMgnb8cF9YUz5BdNAFwYZ6yAKuTTGwVY3WntRZsC5Z,0.26736872,1
552869,balances.Transfer,1657901724,552869-4,4jbtsgNhpGAzdEGrKRb7g8Mq4ToNUpBVxeye942tWfG3gcYi,4jbtsgNhpGB2vH7xTjpZVzZLy7W4sFyxjvD45x7X1m6BSiGx,0.09218238,1
552869,balances.Transfer,1657901724,552869-4,4jbtsgNhpGAzdEGrKRb7g8Mq4ToNUpBVxeye942tWfG3gcYi,4kUNG42oriVqYABTQ97CoBbu3TN2FgvQByRmvwHwMBQxknzS,0.36872952,1
552869,allocations.NewAllocation,1657901724,552869-4,0,4kUNG42oriVqYABTQ97CoBbu3TN2FgvQByRmvwHwMBQxknzS,0.36872952,1
552869,balances.Transfer,1657901724,552869-4,4jbtsgNhpGAzdEGrKRb7g8Mq4ToNUpBVxeye942tWfG3gcYi,4jbtsgNhpGB2vH7xTjpZVzZLy7W4sFyxjvD45x7X1m6BSiGx,0.09007744,1
552869,balances.Transfer,1657901724,552869-4,4jbtsgNhpGAzdEGrKRb7g8Mq4ToNUpBVxeye942tWfG3gcYi,4n23QMggjLiUF8qz6ghWs3oPYkZJALE8o3fxE1bcmqNq1JUu,0.36030976,1
552869,allocations.NewAllocation,1657901724,552869-4,0,4n23QMggjLiUF8qz6ghWs3oPYkZJALE8o3fxE1bcmqNq1JUu,0.36030976,1
552869,balances.Transfer,1657901724,552869-4,4jbtsgNhpGAzdEGrKRb7g8Mq4ToNUpBVxeye942tWfG3gcYi,4jbtsgNhpGB2vH7xTjpZVzZLy7W4sFyxjvD45x7X1m6BSiGx,0.08233082,1
552869,balances.Transfer,1657901724,552869-4,4jbtsgNhpGAzdEGrKRb7g8Mq4ToNUpBVxeye942tWfG3gcYi,4nTUCEPykm5cdv3g1Gkia435Poc7wVW5cy7JKWL2GKaw3ktC,0.32932328,1
552869,allocations.NewAllocation,1657901724,552869-4,0,4nTUCEPykm5cdv3g1Gkia435Poc7wVW5cy7JKWL2GKaw3ktC,0.32932328,1
552869,balances.Transfer,1657901724,552869-4,4jbtsgNhpGAzdEGrKRb7g8Mq4ToNUpBVxeye942tWfG3gcYi,4jbtsgNhpGB2vH7xTjpZVzZLy7W4sFyxjvD45x7X1m6BSiGx,0.06973588,1
552869,balances.Transfer,1657901724,552869-4,4jbtsgNhpGAzdEGrKRb7g8Mq4ToNUpBVxeye942tWfG3gcYi,4mNiVCjW98JvPc3VuThfTM655dGXj9JHhkfVM8pdeDJnrX5t,0.27894352,1
552869,allocations.NewAllocation,1657901724,552869-4,0,4mNiVCjW98JvPc3VuThfTM655dGXj9JHhkfVM8pdeDJnrX5t,0.27894352,1
552869,balances.Transfer,1657901724,552869-4,4jbtsgNhpGAzdEGrKRb7g8Mq4ToNUpBVxeye942tWfG3gcYi,4jbtsgNhpGB2vH7xTjpZVzZLy7W4sFyxjvD45x7X1m6BSiGx,0.09168738,1
552869,balances.Transfer,1657901724,552869-4,4jbtsgNhpGAzdEGrKRb7g8Mq4ToNUpBVxeye942tWfG3gcYi,4nZbpfaSVZY7VoTHK4C3oeTEvVEwfokafu8UPmJV8YMEsA1L,0.36674952,1
552869,allocations.NewAllocation,1657901724,552869-4,0,4nZbpfaSVZY7VoTHK4C3oeTEvVEwfokafu8UPmJV8YMEsA1L,0.36674952,1
552869,balances.Transfer,1657901724,552869-4,4jbtsgNhpGAzdEGrKRb7g8Mq4ToNUpBVxeye942tWfG3gcYi,4jbtsgNhpGB2vH7xTjpZVzZLy7W4sFyxjvD45x7X1m6BSiGx,0.0738116,1
552869,balances.Transfer,1657901724,552869-4,4jbtsgNhpGAzdEGrKRb7g8Mq4ToNUpBVxeye942tWfG3gcYi,4nW8vA4z5oZjLhhy58Ng6jgwZ7Z1CKtBFYVBy3D4BkhTFnvA,0.2952464,1
552869,allocations.NewAllocation,1657901724,552869-4,0,4nW8vA4z5oZjLhhy58Ng6jgwZ7Z1CKtBFYVBy3D4BkhTFnvA,0.2952464,1
552869,balances.Transfer,1657901724,552869-4,4jbtsgNhpGAzdEGrKRb7g8Mq4ToNUpBVxeye942tWfG3gcYi,4jbtsgNhpGB2vH7xTjpZVzZLy7W4sFyxjvD45x7X1m6BSiGx,0.06706192,1
552869,balances.Transfer,1657901724,552869-4,4jbtsgNhpGAzdEGrKRb7g8Mq4ToNUpBVxeye942tWfG3gcYi,4mybftoBvRYJ12mWHkhpBsFQYCvGvZJFnp2tBCVrbd6N3Z9b,0.26824768,1
552869,allocations.NewAllocation,1657901724,552869-4,0,4mybftoBvRYJ12mWHkhpBsFQYCvGvZJFnp2tBCVrbd6N3Z9b,0.26824768,1
552869,balances.Transfer,1657901724,552869-4,4jbtsgNhpGAzdEGrKRb7g8Mq4ToNUpBVxeye942tWfG3gcYi,4jbtsgNhpGB2vH7xTjpZVzZLy7W4sFyxjvD45x7X1m6BSiGx,0.08718374,1
552869,balances.Transfer,1657901724,552869-4,4jbtsgNhpGAzdEGrKRb7g8Mq4ToNUpBVxeye942tWfG3gcYi,4kGQiWHzUR7AS2B2DAKXjjAe3uGWMUhAQVbPKZt7ZRjPYVpF,0.34873496,1
552869,allocations.NewAllocation,1657901724,552869-4,0,4kGQiWHzUR7AS2B2DAKXjjAe3uGWMUhAQVbPKZt7ZRjPYVpF,0.34873496,1
552869,balances.Transfer,1657901724,552869-4,4jbtsgNhpGAzdEGrKRb7g8Mq4ToNUpBVxeye942tWfG3gcYi,4jbtsgNhpGB2vH7xTjpZVzZLy7W4sFyxjvD45x7X1m6BSiGx,0.0920621,1
552869,balances.Transfer,1657901724,552869-4,4jbtsgNhpGAzdEGrKRb7g8Mq4ToNUpBVxeye942tWfG3gcYi,4hhgGemdPdGf4FQGwBxTLrUPJeJZ454urWuYhH8AYYuTUyJ8,0.3682484,1
552869,allocations.NewAllocation,1657901724,552869-4,0,4hhgGemdPdGf4FQGwBxTLrUPJeJZ454urWuYhH8AYYuTUyJ8,0.3682484,1
552869,balances.Transfer,1657901724,552869-4,4jbtsgNhpGAzdEGrKRb7g8Mq4ToNUpBVxeye942tWfG3gcYi,4jbtsgNhpGB2vH7xTjpZVzZLy7W4sFyxjvD45x7X1m6BSiGx,0.08055664,1
552869,balances.Transfer,1657901724,552869-4,4jbtsgNhpGAzdEGrKRb7g8Mq4ToNUpBVxeye942tWfG3gcYi,4jSc6wTsZaR1YvdF2Jdr6Aje3RvX5vnbACuwgMhhNWazpFPf,0.32222656,1
552869,allocations.NewAllocation,1657901724,552869-4,0,4jSc6wTsZaR1YvdF2Jdr6Aje3RvX5vnbACuwgMhhNWazpFPf,0.32222656,1
552869,balances.Transfer,1657901724,552869-4,4jbtsgNhpGAzdEGrKRb7g8Mq4ToNUpBVxeye942tWfG3gcYi,4jbtsgNhpGB2vH7xTjpZVzZLy7W4sFyxjvD45x7X1m6BSiGx,0.07576386,1
552869,balances.Transfer,1657901724,552869-4,4jbtsgNhpGAzdEGrKRb7g8Mq4ToNUpBVxeye942tWfG3gcYi,4mmmhN2GRFC2obiyrhxaV3c34ggKS2Cj7ALauzzpXS7gj4kh,0.30305544,1
552869,allocations.NewAllocation,1657901724,552869-4,0,4mmmhN2GRFC2obiyrhxaV3c34ggKS2Cj7ALauzzpXS7gj4kh,0.30305544,1
552869,balances.Transfer,1657901724,552869-4,4jbtsgNhpGAzdEGrKRb7g8Mq4ToNUpBVxeye942tWfG3gcYi,4jbtsgNhpGB2vH7xTjpZVzZLy7W4sFyxjvD45x7X1m6BSiGx,0.07021008,1
552869,balances.Transfer,1657901724,552869-4,4jbtsgNhpGAzdEGrKRb7g8Mq4ToNUpBVxeye942tWfG3gcYi,4m7gaJp95jNjGYDyQnP8ijaBy9Y4dkpqeDKJLMq7QmBGtjLx,0.28084032,1
552869,allocations.NewAllocation,1657901724,552869-4,0,4m7gaJp95jNjGYDyQnP8ijaBy9Y4dkpqeDKJLMq7QmBGtjLx,0.28084032,1
552869,balances.Transfer,1657901724,552869-4,4jbtsgNhpGAzdEGrKRb7g8Mq4ToNUpBVxeye942tWfG3gcYi,4jbtsgNhpGB2vH7xTjpZVzZLy7W4sFyxjvD45x7X1m6BSiGx,0.07117232,1
552869,balances.Transfer,1657901724,552869-4,4jbtsgNhpGAzdEGrKRb7g8Mq4ToNUpBVxeye942tWfG3gcYi,4jV5XmUeUHTox8dpsncGfw5grVU8HG2PHndNq1qghaE1pMpc,0.28468928,1
552869,allocations.NewAllocation,1657901724,552869-4,0,4jV5XmUeUHTox8dpsncGfw5grVU8HG2PHndNq1qghaE1pMpc,0.28468928,1
552869,balances.Transfer,1657901724,552869-4,4jbtsgNhpGAzdEGrKRb7g8Mq4ToNUpBVxeye942tWfG3gcYi,4jbtsgNhpGB2vH7xTjpZVzZLy7W4sFyxjvD45x7X1m6BSiGx,0.07576156,1
552869,balances.Transfer,1657901724,552869-4,4jbtsgNhpGAzdEGrKRb7g8Mq4ToNUpBVxeye942tWfG3gcYi,4k4cGxZaLSzxzRPPPrNb1xQXbTMJh7eR8igBvDMeEYwrSVd6,0.30304624,1
552869,allocations.NewAllocation,1657901724,552869-4,0,4k4cGxZaLSzxzRPPPrNb1xQXbTMJh7eR8igBvDMeEYwrSVd6,0.30304624,1
552869,balances.Transfer,1657901724,552869-4,4jbtsgNhpGAzdEGrKRb7g8Mq4ToNUpBVxeye942tWfG3gcYi,4jbtsgNhpGB2vH7xTjpZVzZLy7W4sFyxjvD45x7X1m6BSiGx,0.07612702,1
552869,balances.Transfer,1657901724,552869-4,4jbtsgNhpGAzdEGrKRb7g8Mq4ToNUpBVxeye942tWfG3gcYi,4jwJzQRtityCHDbQ5a4Z577WsUnNeYnwDmjANeBTvaBitgV7,0.30450808,1
552869,allocations.NewAllocation,1657901724,552869-4,0,4jwJzQRtityCHDbQ5a4Z577WsUnNeYnwDmjANeBTvaBitgV7,0.30450808,1
552869,balances.Transfer,1657901724,552869-4,4jbtsgNhpGAzdEGrKRb7g8Mq4ToNUpBVxeye942tWfG3gcYi,4jbtsgNhpGB2vH7xTjpZVzZLy7W4sFyxjvD45x7X1m6BSiGx,0.07135738,1
552869,balances.Transfer,1657901724,552869-4,4jbtsgNhpGAzdEGrKRb7g8Mq4ToNUpBVxeye942tWfG3gcYi,4kwAN8pU1PKjh8hhcgG2Nyb7xtPGNii5VAfRu45JnWP4pfUR,0.28542952,1
552869,allocations.NewAllocation,1657901724,552869-4,0,4kwAN8pU1PKjh8hhcgG2Nyb7xtPGNii5VAfRu45JnWP4pfUR,0.28542952,1
552869,balances.Transfer,1657901724,552869-4,4jbtsgNhpGAzdEGrKRb7g8Mq4ToNUpBVxeye942tWfG3gcYi,4jbtsgNhpGB2vH7xTjpZVzZLy7W4sFyxjvD45x7X1m6BSiGx,0.06818378,1
552869,balances.Transfer,1657901724,552869-4,4jbtsgNhpGAzdEGrKRb7g8Mq4ToNUpBVxeye942tWfG3gcYi,4iPViCBsAPAnmeDQ85e6zFvfBtdHRs1mcXobh9c4FPKMYtR1,0.27273512,1
552869,allocations.NewAllocation,1657901724,552869-4,0,4iPViCBsAPAnmeDQ85e6zFvfBtdHRs1mcXobh9c4FPKMYtR1,0.27273512,1
552869,balances.Transfer,1657901724,552869-4,4jbtsgNhpGAzdEGrKRb7g8Mq4ToNUpBVxeye942tWfG3gcYi,4jbtsgNhpGB2vH7xTjpZVzZLy7W4sFyxjvD45x7X1m6BSiGx,0.07266428,1
552869,balances.Transfer,1657901724,552869-4,4jbtsgNhpGAzdEGrKRb7g8Mq4ToNUpBVxeye942tWfG3gcYi,4khYffHE1yCsefUQCiuteXFbgsYWdR6a4zAiDhxiQCXJ2eG5,0.29065712,1
552869,allocations.NewAllocation,1657901724,552869-4,0,4khYffHE1yCsefUQCiuteXFbgsYWdR6a4zAiDhxiQCXJ2eG5,0.29065712,1
552869,balances.Transfer,1657901724,552869-4,4jbtsgNhpGAzdEGrKRb7g8Mq4ToNUpBVxeye942tWfG3gcYi,4jbtsgNhpGB2vH7xTjpZVzZLy7W4sFyxjvD45x7X1m6BSiGx,0.07289792,1
552869,balances.Transfer,1657901724,552869-4,4jbtsgNhpGAzdEGrKRb7g8Mq4ToNUpBVxeye942tWfG3gcYi,4kBrLEcia4ZDF2umcDCUpExg2M5Y7PZRXAfvRVm9Y7MedYAH,0.29159168,1
552869,allocations.NewAllocation,1657901724,552869-4,0,4kBrLEcia4ZDF2umcDCUpExg2M5Y7PZRXAfvRVm9Y7MedYAH,0.29159168,1
552869,balances.Transfer,1657901724,552869-4,4jbtsgNhpGAzdEGrKRb7g8Mq4ToNUpBVxeye942tWfG3gcYi,4jbtsgNhpGB2vH7xTjpZVzZLy7W4sFyxjvD45x7X1m6BSiGx,0.06763326,1
552869,balances.Transfer,1657901724,552869-4,4jbtsgNhpGAzdEGrKRb7g8Mq4ToNUpBVxeye942tWfG3gcYi,4hrGmMsx6NEEjG1Gpjuya1g8S7ADC961vm5NrThB8HoQavQr,0.27053304,1
552869,allocations.NewAllocation,1657901724,552869-4,0,4hrGmMsx6NEEjG1Gpjuya1g8S7ADC961vm5NrThB8HoQavQr,0.27053304,1
552869,balances.Transfer,1657901724,552869-4,4jbtsgNhpGAzdEGrKRb7g8Mq4ToNUpBVxeye942tWfG3gcYi,4jbtsgNhpGB2vH7xTjpZVzZLy7W4sFyxjvD45x7X1m6BSiGx,0.06761476,1
552869,balances.Transfer,1657901724,552869-4,4jbtsgNhpGAzdEGrKRb7g8Mq4ToNUpBVxeye942tWfG3gcYi,4kZPCytbC25eEmpXaS8mx3chgxQ1Z2kYN13oCvYrc7yk3wUv,0.27045904,1
552869,allocations.NewAllocation,1657901724,552869-4,0,4kZPCytbC25eEmpXaS8mx3chgxQ1Z2kYN13oCvYrc7yk3wUv,0.27045904,1
552869,balances.Transfer,1657901724,552869-4,4jbtsgNhpGAzdEGrKRb7g8Mq4ToNUpBVxeye942tWfG3gcYi,4jbtsgNhpGB2vH7xTjpZVzZLy7W4sFyxjvD45x7X1m6BSiGx,0.07897216,1
552869,balances.Transfer,1657901724,552869-4,4jbtsgNhpGAzdEGrKRb7g8Mq4ToNUpBVxeye942tWfG3gcYi,4n7kA83aqS1zsq98cJJjf3oqpBn8dJrygEcnykeSSkoKVGcB,0.31588864,1
552869,allocations.NewAllocation,1657901724,552869-4,0,4n7kA83aqS1zsq98cJJjf3oqpBn8dJrygEcnykeSSkoKVGcB,0.31588864,1
552869,balances.Transfer,1657901724,552869-4,4jbtsgNhpGAzdEGrKRb7g8Mq4ToNUpBVxeye942tWfG3gcYi,4jbtsgNhpGB2vH7xTjpZVzZLy7W4sFyxjvD45x7X1m6BSiGx,0.080707,1
552869,balances.Transfer,1657901724,552869-4,4jbtsgNhpGAzdEGrKRb7g8Mq4ToNUpBVxeye942tWfG3gcYi,4iBbrqCpphmazqgz1AXEBiuWg8aChoUQn1b3LbSnYz8HgcXR,0.322828,1
552869,allocations.NewAllocation,1657901724,552869-4,0,4iBbrqCpphmazqgz1AXEBiuWg8aChoUQn1b3LbSnYz8HgcXR,0.322828,1
552869,balances.Transfer,1657901724,552869-4,4jbtsgNhpGAzdEGrKRb7g8Mq4ToNUpBVxeye942tWfG3gcYi,4jbtsgNhpGB2vH7xTjpZVzZLy7W4sFyxjvD45x7X1m6BSiGx,0.06968036,1
552869,balances.Transfer,1657901724,552869-4,4jbtsgNhpGAzdEGrKRb7g8Mq4ToNUpBVxeye942tWfG3gcYi,4mHGVSvsr1KALhzJF15MFC64V6tDxhJU16U1nxyhBdMXrvVt,0.27872144,1
552869,allocations.NewAllocation,1657901724,552869-4,0,4mHGVSvsr1KALhzJF15MFC64V6tDxhJU16U1nxyhBdMXrvVt,0.27872144,1
552869,balances.Transfer,1657901724,552869-4,4jbtsgNhpGAzdEGrKRb7g8Mq4ToNUpBVxeye942tWfG3gcYi,4jbtsgNhpGB2vH7xTjpZVzZLy7W4sFyxjvD45x7X1m6BSiGx,0.08649442,1
552869,balances.Transfer,1657901724,552869-4,4jbtsgNhpGAzdEGrKRb7g8Mq4ToNUpBVxeye942tWfG3gcYi,4mb4FjgTbRCTDzzxMTwS6enf7mG4SiCxPiywoBp2zwjBZhjj,0.34597768,1
552869,allocations.NewAllocation,1657901724,552869-4,0,4mb4FjgTbRCTDzzxMTwS6enf7mG4SiCxPiywoBp2zwjBZhjj,0.34597768,1
552869,balances.Transfer,1657901724,552869-4,4jbtsgNhpGAzdEGrKRb7g8Mq4ToNUpBVxeye942tWfG3gcYi,4jbtsgNhpGB2vH7xTjpZVzZLy7W4sFyxjvD45x7X1m6BSiGx,0.07683716,1
552869,balances.Transfer,1657901724,552869-4,4jbtsgNhpGAzdEGrKRb7g8Mq4ToNUpBVxeye942tWfG3gcYi,4iAKkpBnqPUy1QaMm6GqKtjx41J28PDZWEyHcrjmN63e7uDH,0.30734864,1
552869,allocations.NewAllocation,1657901724,552869-4,0,4iAKkpBnqPUy1QaMm6GqKtjx41J28PDZWEyHcrjmN63e7uDH,0.30734864,1
552869,balances.Transfer,1657901724,552869-4,4jbtsgNhpGAzdEGrKRb7g8Mq4ToNUpBVxeye942tWfG3gcYi,4jbtsgNhpGB2vH7xTjpZVzZLy7W4sFyxjvD45x7X1m6BSiGx,0.08681594,1
552869,balances.Transfer,1657901724,552869-4,4jbtsgNhpGAzdEGrKRb7g8Mq4ToNUpBVxeye942tWfG3gcYi,4hshxPCqKuZ48T4rjxYY7n4mHZmUGhQViTE6MTWPiz8tZp2S,0.34726376,1
552869,allocations.NewAllocation,1657901724,552869-4,0,4hshxPCqKuZ48T4rjxYY7n4mHZmUGhQViTE6MTWPiz8tZp2S,0.34726376,1
552869,balances.Transfer,1657901724,552869-4,4jbtsgNhpGAzdEGrKRb7g8Mq4ToNUpBVxeye942tWfG3gcYi,4jbtsgNhpGB2vH7xTjpZVzZLy7W4sFyxjvD45x7X1m6BSiGx,0.07366356,1
552869,balances.Transfer,1657901724,552869-4,4jbtsgNhpGAzdEGrKRb7g8Mq4ToNUpBVxeye942tWfG3gcYi,4jTW4FMYRTwoWRoVdsfp1qEJbDNJyeKtXbvoxUeUB5cJh82r,0.29465424,1
552869,allocations.NewAllocation,1657901724,552869-4,0,4jTW4FMYRTwoWRoVdsfp1qEJbDNJyeKtXbvoxUeUB5cJh82r,0.29465424,1
552869,balances.Transfer,1657901724,552869-4,4jbtsgNhpGAzdEGrKRb7g8Mq4ToNUpBVxeye942tWfG3gcYi,4jbtsgNhpGB2vH7xTjpZVzZLy7W4sFyxjvD45x7X1m6BSiGx,0.07640692,1
552869,balances.Transfer,1657901724,552869-4,4jbtsgNhpGAzdEGrKRb7g8Mq4ToNUpBVxeye942tWfG3gcYi,4mPzgSUiJ2rkWA8A6CqVRTioq43DW6xVuLQc2KcJQsL3qpPW,0.30562768,1
552869,allocations.NewAllocation,1657901724,552869-4,0,4mPzgSUiJ2rkWA8A6CqVRTioq43DW6xVuLQc2KcJQsL3qpPW,0.30562768,1
552869,balances.Transfer,1657901724,552869-4,4jbtsgNhpGAzdEGrKRb7g8Mq4ToNUpBVxeye942tWfG3gcYi,4jbtsgNhpGB2vH7xTjpZVzZLy7W4sFyxjvD45x7X1m6BSiGx,0.07780636,1
552869,balances.Transfer,1657901724,552869-4,4jbtsgNhpGAzdEGrKRb7g8Mq4ToNUpBVxeye942tWfG3gcYi,4hfuFssgACcMcviLWAu4jNEbBc7nksYVqPY1Rnnms2pDCN22,0.31122544,1
552869,allocations.NewAllocation,1657901724,552869-4,0,4hfuFssgACcMcviLWAu4jNEbBc7nksYVqPY1Rnnms2pDCN22,0.31122544,1
552869,balances.Transfer,1657901724,552869-4,4jbtsgNhpGAzdEGrKRb7g8Mq4ToNUpBVxeye942tWfG3gcYi,4jbtsgNhpGB2vH7xTjpZVzZLy7W4sFyxjvD45x7X1m6BSiGx,0.08760704,1
552869,balances.Transfer,1657901724,552869-4,4jbtsgNhpGAzdEGrKRb7g8Mq4ToNUpBVxeye942tWfG3gcYi,4mnhdrievzt7RSzN7QuSGczCrgSq6bcTWe4LVrr1xct1c5n2,0.35042816,1
552869,allocations.NewAllocation,1657901724,552869-4,0,4mnhdrievzt7RSzN7QuSGczCrgSq6bcTWe4LVrr1xct1c5n2,0.35042816,1
552869,balances.Transfer,1657901724,552869-4,4jbtsgNhpGAzdEGrKRb7g8Mq4ToNUpBVxeye942tWfG3gcYi,4jbtsgNhpGB2vH7xTjpZVzZLy7W4sFyxjvD45x7X1m6BSiGx,0.07997606,1
552869,balances.Transfer,1657901724,552869-4,4jbtsgNhpGAzdEGrKRb7g8Mq4ToNUpBVxeye942tWfG3gcYi,4mKPcXFHX7tf5y9GEBfbaLUaoRdLzi5vMvKQSSXVeAoCwE82,0.31990424,1
552869,allocations.NewAllocation,1657901724,552869-4,0,4mKPcXFHX7tf5y9GEBfbaLUaoRdLzi5vMvKQSSXVeAoCwE82,0.31990424,1
552869,balances.Transfer,1657901724,552869-4,4jbtsgNhpGAzdEGrKRb7g8Mq4ToNUpBVxeye942tWfG3gcYi,4jbtsgNhpGB2vH7xTjpZVzZLy7W4sFyxjvD45x7X1m6BSiGx,0.06715212,1
552869,balances.Transfer,1657901724,552869-4,4jbtsgNhpGAzdEGrKRb7g8Mq4ToNUpBVxeye942tWfG3gcYi,4hRwf7fPk3zatEzEhSbPCbYP3EWDgEdmVAZkNT6bqU8Lc2NB,0.26860848,1
552869,allocations.NewAllocation,1657901724,552869-4,0,4hRwf7fPk3zatEzEhSbPCbYP3EWDgEdmVAZkNT6bqU8Lc2NB,0.26860848,1
552869,balances.Transfer,1657901724,552869-4,4jbtsgNhpGAzdEGrKRb7g8Mq4ToNUpBVxeye942tWfG3gcYi,4jbtsgNhpGB2vH7xTjpZVzZLy7W4sFyxjvD45x7X1m6BSiGx,0.07557882,1
552869,balances.Transfer,1657901724,552869-4,4jbtsgNhpGAzdEGrKRb7g8Mq4ToNUpBVxeye942tWfG3gcYi,4iqwYZdA12DbWDjN9xJdqsTJpYbBQUBEdmV2ahmCGU5vQSGi,0.30231528,1
552869,allocations.NewAllocation,1657901724,552869-4,0,4iqwYZdA12DbWDjN9xJdqsTJpYbBQUBEdmV2ahmCGU5vQSGi,0.30231528,1
552869,balances.Transfer,1657901724,552869-4,4jbtsgNhpGAzdEGrKRb7g8Mq4ToNUpBVxeye942tWfG3gcYi,4jbtsgNhpGB2vH7xTjpZVzZLy7W4sFyxjvD45x7X1m6BSiGx,0.09187936,1
552869,balances.Transfer,1657901724,552869-4,4jbtsgNhpGAzdEGrKRb7g8Mq4ToNUpBVxeye942tWfG3gcYi,4nWmpFnSCdXgcrx1NSrdUmVN194Jf2FjaGzaDqvu2zeiaZhM,0.36751744,1
552869,allocations.NewAllocation,1657901724,552869-4,0,4nWmpFnSCdXgcrx1NSrdUmVN194Jf2FjaGzaDqvu2zeiaZhM,0.36751744,1
552869,balances.Transfer,1657901724,552869-4,4jbtsgNhpGAzdEGrKRb7g8Mq4ToNUpBVxeye942tWfG3gcYi,4jbtsgNhpGB2vH7xTjpZVzZLy7W4sFyxjvD45x7X1m6BSiGx,0.08358452,1
552869,balances.Transfer,1657901724,552869-4,4jbtsgNhpGAzdEGrKRb7g8Mq4ToNUpBVxeye942tWfG3gcYi,4hM76oL7hULjcgk82uDU5iLASAP1D4G5JncK8iMojBZywMuh,0.33433808,1
552869,allocations.NewAllocation,1657901724,552869-4,0,4hM76oL7hULjcgk82uDU5iLASAP1D4G5JncK8iMojBZywMuh,0.33433808,1
552869,balances.Transfer,1657901724,552869-4,4jbtsgNhpGAzdEGrKRb7g8Mq4ToNUpBVxeye942tWfG3gcYi,4jbtsgNhpGB2vH7xTjpZVzZLy7W4sFyxjvD45x7X1m6BSiGx,0.07432742,1
552869,balances.Transfer,1657901724,552869-4,4jbtsgNhpGAzdEGrKRb7g8Mq4ToNUpBVxeye942tWfG3gcYi,4kwKKqZYNK6vC1c7G43oAv5FCK1P1PgG7pjZZSkrVd1RU5pr,0.29730968,1
552869,allocations.NewAllocation,1657901724,552869-4,0,4kwKKqZYNK6vC1c7G43oAv5FCK1P1PgG7pjZZSkrVd1RU5pr,0.29730968,1
552869,balances.Transfer,1657901724,552869-4,4jbtsgNhpGAzdEGrKRb7g8Mq4ToNUpBVxeye942tWfG3gcYi,4jbtsgNhpGB2vH7xTjpZVzZLy7W4sFyxjvD45x7X1m6BSiGx,0.06793858,1
552869,balances.Transfer,1657901724,552869-4,4jbtsgNhpGAzdEGrKRb7g8Mq4ToNUpBVxeye942tWfG3gcYi,4nMCGvBPq1fpGfRhnzE91DdBX25QC5PsmmaADszk3fbm8YCF,0.27175432,1
552869,allocations.NewAllocation,1657901724,552869-4,0,4nMCGvBPq1fpGfRhnzE91DdBX25QC5PsmmaADszk3fbm8YCF,0.27175432,1
552869,balances.Transfer,1657901724,552869-4,4jbtsgNhpGAzdEGrKRb7g8Mq4ToNUpBVxeye942tWfG3gcYi,4jbtsgNhpGB2vH7xTjpZVzZLy7W4sFyxjvD45x7X1m6BSiGx,0.07790118,1
552869,balances.Transfer,1657901724,552869-4,4jbtsgNhpGAzdEGrKRb7g8Mq4ToNUpBVxeye942tWfG3gcYi,4mzCTKHAT1N4t87QDRL8AEoFXDQVWjNGBAcwfCUXki6cGRBA,0.31160472,1
552869,allocations.NewAllocation,1657901724,552869-4,0,4mzCTKHAT1N4t87QDRL8AEoFXDQVWjNGBAcwfCUXki6cGRBA,0.31160472,1
552869,balances.Transfer,1657901724,552869-4,4jbtsgNhpGAzdEGrKRb7g8Mq4ToNUpBVxeye942tWfG3gcYi,4jbtsgNhpGB2vH7xTjpZVzZLy7W4sFyxjvD45x7X1m6BSiGx,0.0858907,1
552869,balances.Transfer,1657901724,552869-4,4jbtsgNhpGAzdEGrKRb7g8Mq4ToNUpBVxeye942tWfG3gcYi,4hdBvvvVmgY1ukvDABfsU95Y7AHzfKCUK8iiazEH7qANECK6,0.3435628,1
552869,allocations.NewAllocation,1657901724,552869-4,0,4hdBvvvVmgY1ukvDABfsU95Y7AHzfKCUK8iiazEH7qANECK6,0.3435628,1
552869,balances.Transfer,1657901724,552869-4,4jbtsgNhpGAzdEGrKRb7g8Mq4ToNUpBVxeye942tWfG3gcYi,4jbtsgNhpGB2vH7xTjpZVzZLy7W4sFyxjvD45x7X1m6BSiGx,0.0861359,1
552869,balances.Transfer,1657901724,552869-4,4jbtsgNhpGAzdEGrKRb7g8Mq4ToNUpBVxeye942tWfG3gcYi,4i6893MjRTpQzNiorUEoM5Yg8N4qj1mttiR8gSP1uDDgxNsi,0.3445436,1
552869,allocations.NewAllocation,1657901724,552869-4,0,4i6893MjRTpQzNiorUEoM5Yg8N4qj1mttiR8gSP1uDDgxNsi,0.3445436,1
552869,balances.Transfer,1657901724,552869-4,4jbtsgNhpGAzdEGrKRb7g8Mq4ToNUpBVxeye942tWfG3gcYi,4jbtsgNhpGB2vH7xTjpZVzZLy7W4sFyxjvD45x7X1m6BSiGx,0.06801492,1
552869,balances.Transfer,1657901724,552869-4,4jbtsgNhpGAzdEGrKRb7g8Mq4ToNUpBVxeye942tWfG3gcYi,4hPJD31EPSskqu9p1X6LGcDM6GFBZjSH9EtPZN2ZZFjFtnFF,0.27205968,1
552869,allocations.NewAllocation,1657901724,552869-4,0,4hPJD31EPSskqu9p1X6LGcDM6GFBZjSH9EtPZN2ZZFjFtnFF,0.27205968,1
552869,balances.Transfer,1657901724,552869-4,4jbtsgNhpGAzdEGrKRb7g8Mq4ToNUpBVxeye942tWfG3gcYi,4jbtsgNhpGB2vH7xTjpZVzZLy7W4sFyxjvD45x7X1m6BSiGx,0.0885531,1
552869,balances.Transfer,1657901724,552869-4,4jbtsgNhpGAzdEGrKRb7g8Mq4ToNUpBVxeye942tWfG3gcYi,4j3hVuopAAPmszr8yTXRpKTCb8JqxzikC7SHH9YzNGbu4r43,0.3542124,1
552869,allocations.NewAllocation,1657901724,552869-4,0,4j3hVuopAAPmszr8yTXRpKTCb8JqxzikC7SHH9YzNGbu4r43,0.3542124,1
552869,balances.Transfer,1657901724,552869-4,4jbtsgNhpGAzdEGrKRb7g8Mq4ToNUpBVxeye942tWfG3gcYi,4jbtsgNhpGB2vH7xTjpZVzZLy7W4sFyxjvD45x7X1m6BSiGx,0.07239596,1
552869,balances.Transfer,1657901724,552869-4,4jbtsgNhpGAzdEGrKRb7g8Mq4ToNUpBVxeye942tWfG3gcYi,4mUiChpSD5isFtGr6Uu9kRKCmjxN5wocjbELQRFsm3zMqSvj,0.28958384,1
552869,allocations.NewAllocation,1657901724,552869-4,0,4mUiChpSD5isFtGr6Uu9kRKCmjxN5wocjbELQRFsm3zMqSvj,0.28958384,1
552869,balances.Transfer,1657901724,552869-4,4jbtsgNhpGAzdEGrKRb7g8Mq4ToNUpBVxeye942tWfG3gcYi,4jbtsgNhpGB2vH7xTjpZVzZLy7W4sFyxjvD45x7X1m6BSiGx,0.07896292,1
552869,balances.Transfer,1657901724,552869-4,4jbtsgNhpGAzdEGrKRb7g8Mq4ToNUpBVxeye942tWfG3gcYi,4iChFXoCzHJcrwj1S8bEw5MGHaDRqKKTL637jfcVsayUbXBy,0.31585168,1
552869,allocations.NewAllocation,1657901724,552869-4,0,4iChFXoCzHJcrwj1S8bEw5MGHaDRqKKTL637jfcVsayUbXBy,0.31585168,1
552869,balances.Transfer,1657901724,552869-4,4jbtsgNhpGAzdEGrKRb7g8Mq4ToNUpBVxeye942tWfG3gcYi,4jbtsgNhpGB2vH7xTjpZVzZLy7W4sFyxjvD45x7X1m6BSiGx,0.0885369,1
552869,balances.Transfer,1657901724,552869-4,4jbtsgNhpGAzdEGrKRb7g8Mq4ToNUpBVxeye942tWfG3gcYi,4hZTbgsTDjX96d1A3kL79GLbgbQZrrhu4FPEjykN16BaM6gP,0.3541476,1
552869,allocations.NewAllocation,1657901724,552869-4,0,4hZTbgsTDjX96d1A3kL79GLbgbQZrrhu4FPEjykN16BaM6gP,0.3541476,1
552869,balances.Transfer,1657901724,552869-4,4jbtsgNhpGAzdEGrKRb7g8Mq4ToNUpBVxeye942tWfG3gcYi,4jbtsgNhpGB2vH7xTjpZVzZLy7W4sFyxjvD45x7X1m6BSiGx,0.0866656,1
552869,balances.Transfer,1657901724,552869-4,4jbtsgNhpGAzdEGrKRb7g8Mq4ToNUpBVxeye942tWfG3gcYi,4idZ3eo7pGYNj5MJVN56sHbB4XBqwjGjpB9tjvXaWt4EeUbs,0.3466624,1
552869,allocations.NewAllocation,1657901724,552869-4,0,4idZ3eo7pGYNj5MJVN56sHbB4XBqwjGjpB9tjvXaWt4EeUbs,0.3466624,1
552869,balances.Transfer,1657901724,552869-4,4jbtsgNhpGAzdEGrKRb7g8Mq4ToNUpBVxeye942tWfG3gcYi,4jbtsgNhpGB2vH7xTjpZVzZLy7W4sFyxjvD45x7X1m6BSiGx,0.07609928,1
552869,balances.Transfer,1657901724,552869-4,4jbtsgNhpGAzdEGrKRb7g8Mq4ToNUpBVxeye942tWfG3gcYi,4iMKvwX6weM2fQDLc2Fd5skKYLa8niSSgPDavFWzSdXLKRmT,0.30439712,1
552869,allocations.NewAllocation,1657901724,552869-4,0,4iMKvwX6weM2fQDLc2Fd5skKYLa8niSSgPDavFWzSdXLKRmT,0.30439712,1
552869,balances.Transfer,1657901724,552869-4,4jbtsgNhpGAzdEGrKRb7g8Mq4ToNUpBVxeye942tWfG3gcYi,4jbtsgNhpGB2vH7xTjpZVzZLy7W4sFyxjvD45x7X1m6BSiGx,0.06723308,1
552869,balances.Transfer,1657901724,552869-4,4jbtsgNhpGAzdEGrKRb7g8Mq4ToNUpBVxeye942tWfG3gcYi,4jWRmMokdNVJqR3AvEDsRZsqJwEcvndn2CPQTWppPwb6Z47W,0.26893232,1
552869,allocations.NewAllocation,1657901724,552869-4,0,4jWRmMokdNVJqR3AvEDsRZsqJwEcvndn2CPQTWppPwb6Z47W,0.26893232,1
552869,balances.Transfer,1657901724,552869-4,4jbtsgNhpGAzdEGrKRb7g8Mq4ToNUpBVxeye942tWfG3gcYi,4jbtsgNhpGB2vH7xTjpZVzZLy7W4sFyxjvD45x7X1m6BSiGx,0.07570372,1
552869,balances.Transfer,1657901724,552869-4,4jbtsgNhpGAzdEGrKRb7g8Mq4ToNUpBVxeye942tWfG3gcYi,4h8ZizYeM4RuLF5qLDLb4sNYyRLJW2awZBF4R7weuMZoanK4,0.30281488,1
552869,allocations.NewAllocation,1657901724,552869-4,0,4h8ZizYeM4RuLF5qLDLb4sNYyRLJW2awZBF4R7weuMZoanK4,0.30281488,1
552869,balances.Transfer,1657901724,552869-4,4jbtsgNhpGAzdEGrKRb7g8Mq4ToNUpBVxeye942tWfG3gcYi,4jbtsgNhpGB2vH7xTjpZVzZLy7W4sFyxjvD45x7X1m6BSiGx,0.0778665,1
552869,balances.Transfer,1657901724,552869-4,4jbtsgNhpGAzdEGrKRb7g8Mq4ToNUpBVxeye942tWfG3gcYi,4nXQJuC3u131RTLxnRas9mPk1WjAbH46cz1PDmiSQqmUb4Bu,0.311466,1
552869,allocations.NewAllocation,1657901724,552869-4,0,4nXQJuC3u131RTLxnRas9mPk1WjAbH46cz1PDmiSQqmUb4Bu,0.311466,1
552869,balances.Transfer,1657901724,552869-4,4jbtsgNhpGAzdEGrKRb7g8Mq4ToNUpBVxeye942tWfG3gcYi,4jbtsgNhpGB2vH7xTjpZVzZLy7W4sFyxjvD45x7X1m6BSiGx,0.0781325,1
552869,balances.Transfer,1657901724,552869-4,4jbtsgNhpGAzdEGrKRb7g8Mq4ToNUpBVxeye942tWfG3gcYi,4nPgbjm8AfYg7RW6bXkJvsA4QBS14mYwwmcK7keQfGNnkZmT,0.31253,1
552869,allocations.NewAllocation,1657901724,552869-4,0,4nPgbjm8AfYg7RW6bXkJvsA4QBS14mYwwmcK7keQfGNnkZmT,0.31253,1
552869,balances.Transfer,1657901724,552869-4,4jbtsgNhpGAzdEGrKRb7g8Mq4ToNUpBVxeye942tWfG3gcYi,4jbtsgNhpGB2vH7xTjpZVzZLy7W4sFyxjvD45x7X1m6BSiGx,0.07164884,1
552869,balances.Transfer,1657901724,552869-4,4jbtsgNhpGAzdEGrKRb7g8Mq4ToNUpBVxeye942tWfG3gcYi,4nt8mb1L1BszjxVPS17czfgwK5doLpzJAGP5LDJ9fTHG83AY,0.28659536,1
552869,allocations.NewAllocation,1657901724,552869-4,0,4nt8mb1L1BszjxVPS17czfgwK5doLpzJAGP5LDJ9fTHG83AY,0.28659536,1
552869,balances.Transfer,1657901724,552869-4,4jbtsgNhpGAzdEGrKRb7g8Mq4ToNUpBVxeye942tWfG3gcYi,4jbtsgNhpGB2vH7xTjpZVzZLy7W4sFyxjvD45x7X1m6BSiGx,0.08258526,1
552869,balances.Transfer,1657901724,552869-4,4jbtsgNhpGAzdEGrKRb7g8Mq4ToNUpBVxeye942tWfG3gcYi,4hryBPCPwjWkwspcGe8oaEVyfWvcRBVC5C5uYMwCQJSziAp7,0.33034104,1
552869,allocations.NewAllocation,1657901724,552869-4,0,4hryBPCPwjWkwspcGe8oaEVyfWvcRBVC5C5uYMwCQJSziAp7,0.33034104,1
552869,balances.Transfer,1657901724,552869-4,4jbtsgNhpGAzdEGrKRb7g8Mq4ToNUpBVxeye942tWfG3gcYi,4jbtsgNhpGB2vH7xTjpZVzZLy7W4sFyxjvD45x7X1m6BSiGx,0.08014492,1
552869,balances.Transfer,1657901724,552869-4,4jbtsgNhpGAzdEGrKRb7g8Mq4ToNUpBVxeye942tWfG3gcYi,4nnBRv1vAK5QQaUM5NNFk622U3X3GiYBBGwgmqNP1CgNjj25,0.32057968,1
552869,allocations.NewAllocation,1657901724,552869-4,0,4nnBRv1vAK5QQaUM5NNFk622U3X3GiYBBGwgmqNP1CgNjj25,0.32057968,1
552869,balances.Transfer,1657901724,552869-4,4jbtsgNhpGAzdEGrKRb7g8Mq4ToNUpBVxeye942tWfG3gcYi,4jbtsgNhpGB2vH7xTjpZVzZLy7W4sFyxjvD45x7X1m6BSiGx,0.07334666,1
552869,balances.Transfer,1657901724,552869-4,4jbtsgNhpGAzdEGrKRb7g8Mq4ToNUpBVxeye942tWfG3gcYi,4jzoxwRd5QvURWrtPbYQ2HfchRdtr6i6SgVHtLcjGfkvaWtC,0.29338664,1
552869,allocations.NewAllocation,1657901724,552869-4,0,4jzoxwRd5QvURWrtPbYQ2HfchRdtr6i6SgVHtLcjGfkvaWtC,0.29338664,1
552869,balances.Transfer,1657901724,552869-4,4jbtsgNhpGAzdEGrKRb7g8Mq4ToNUpBVxeye942tWfG3gcYi,4jbtsgNhpGB2vH7xTjpZVzZLy7W4sFyxjvD45x7X1m6BSiGx,0.08304326,1
552869,balances.Transfer,1657901724,552869-4,4jbtsgNhpGAzdEGrKRb7g8Mq4ToNUpBVxeye942tWfG3gcYi,4iPXcsM7mYdfkSYcqaKVRAfrT9CpB9xmUEDvAJxQAhLPXgj7,0.33217304,1
552869,allocations.NewAllocation,1657901724,552869-4,0,4iPXcsM7mYdfkSYcqaKVRAfrT9CpB9xmUEDvAJxQAhLPXgj7,0.33217304,1
552869,balances.Transfer,1657901724,552869-4,4jbtsgNhpGAzdEGrKRb7g8Mq4ToNUpBVxeye942tWfG3gcYi,4jbtsgNhpGB2vH7xTjpZVzZLy7W4sFyxjvD45x7X1m6BSiGx,0.06592154,1
552869,balances.Transfer,1657901724,552869-4,4jbtsgNhpGAzdEGrKRb7g8Mq4ToNUpBVxeye942tWfG3gcYi,4mZrZAF6atFKMgKTBbDy9qVxjzCoYszyZY4R8zbj3guiubEj,0.26368616,1
552869,allocations.NewAllocation,1657901724,552869-4,0,4mZrZAF6atFKMgKTBbDy9qVxjzCoYszyZY4R8zbj3guiubEj,0.26368616,1
552869,balances.Transfer,1657901724,552869-4,4jbtsgNhpGAzdEGrKRb7g8Mq4ToNUpBVxeye942tWfG3gcYi,4jbtsgNhpGB2vH7xTjpZVzZLy7W4sFyxjvD45x7X1m6BSiGx,0.083758,1
552869,balances.Transfer,1657901724,552869-4,4jbtsgNhpGAzdEGrKRb7g8Mq4ToNUpBVxeye942tWfG3gcYi,4iW5x89fg9bGMXwqq1h6yLDRqo2TYzYk7zfUNy6sfEhBFwue,0.335032,1
552869,allocations.NewAllocation,1657901724,552869-4,0,4iW5x89fg9bGMXwqq1h6yLDRqo2TYzYk7zfUNy6sfEhBFwue,0.335032,1
552869,balances.Transfer,1657901724,552869-4,4jbtsgNhpGAzdEGrKRb7g8Mq4ToNUpBVxeye942tWfG3gcYi,4jbtsgNhpGB2vH7xTjpZVzZLy7W4sFyxjvD45x7X1m6BSiGx,0.08489374,1
552869,balances.Transfer,1657901724,552869-4,4jbtsgNhpGAzdEGrKRb7g8Mq4ToNUpBVxeye942tWfG3gcYi,4iqGx7kHdUSQx2Mk2A5LiqGsxLKfzsDimHYQqTZreSPKuPjJ,0.33957496,1
552869,allocations.NewAllocation,1657901724,552869-4,0,4iqGx7kHdUSQx2Mk2A5LiqGsxLKfzsDimHYQqTZreSPKuPjJ,0.33957496,1
552869,balances.Transfer,1657901724,552869-4,4jbtsgNhpGAzdEGrKRb7g8Mq4ToNUpBVxeye942tWfG3gcYi,4jbtsgNhpGB2vH7xTjpZVzZLy7W4sFyxjvD45x7X1m6BSiGx,0.06995794,1
552869,balances.Transfer,1657901724,552869-4,4jbtsgNhpGAzdEGrKRb7g8Mq4ToNUpBVxeye942tWfG3gcYi,4kZJtrunHiyEELgnHQj1HTAQ51Ac8gHDooWPP55eiujVYCHX,0.27983176,1
552869,allocations.NewAllocation,1657901724,552869-4,0,4kZJtrunHiyEELgnHQj1HTAQ51Ac8gHDooWPP55eiujVYCHX,0.27983176,1
552869,balances.Transfer,1657901724,552869-4,4jbtsgNhpGAzdEGrKRb7g8Mq4ToNUpBVxeye942tWfG3gcYi,4jbtsgNhpGB2vH7xTjpZVzZLy7W4sFyxjvD45x7X1m6BSiGx,0.08691542,1
552869,balances.Transfer,1657901724,552869-4,4jbtsgNhpGAzdEGrKRb7g8Mq4ToNUpBVxeye942tWfG3gcYi,4i53N8XwZzzFRePzm2TZ3q2fggo3sBMp9JotR5cDMhHL7BbV,0.34766168,1
552869,allocations.NewAllocation,1657901724,552869-4,0,4i53N8XwZzzFRePzm2TZ3q2fggo3sBMp9JotR5cDMhHL7BbV,0.34766168,1
552869,balances.Transfer,1657901724,552869-4,4jbtsgNhpGAzdEGrKRb7g8Mq4ToNUpBVxeye942tWfG3gcYi,4jbtsgNhpGB2vH7xTjpZVzZLy7W4sFyxjvD45x7X1m6BSiGx,0.08559694,1
552869,balances.Transfer,1657901724,552869-4,4jbtsgNhpGAzdEGrKRb7g8Mq4ToNUpBVxeye942tWfG3gcYi,4kaxKbUZiYCyjcBsb7vCHpeMPAGWScsE537vatjoFEBsvXu8,0.34238776,1
552869,allocations.NewAllocation,1657901724,552869-4,0,4kaxKbUZiYCyjcBsb7vCHpeMPAGWScsE537vatjoFEBsvXu8,0.34238776,1
552869,balances.Transfer,1657901724,552869-4,4jbtsgNhpGAzdEGrKRb7g8Mq4ToNUpBVxeye942tWfG3gcYi,4jbtsgNhpGB2vH7xTjpZVzZLy7W4sFyxjvD45x7X1m6BSiGx,0.07909938,1
552869,balances.Transfer,1657901724,552869-4,4jbtsgNhpGAzdEGrKRb7g8Mq4ToNUpBVxeye942tWfG3gcYi,4mGkpcGoZDViHkNUf6JnvR7gSWgkdQakAakxq8s3mRzorcND,0.31639752,1
552869,allocations.NewAllocation,1657901724,552869-4,0,4mGkpcGoZDViHkNUf6JnvR7gSWgkdQakAakxq8s3mRzorcND,0.31639752,1
552869,balances.Transfer,1657901724,552869-4,4jbtsgNhpGAzdEGrKRb7g8Mq4ToNUpBVxeye942tWfG3gcYi,4jbtsgNhpGB2vH7xTjpZVzZLy7W4sFyxjvD45x7X1m6BSiGx,0.07873392,1
552869,balances.Transfer,1657901724,552869-4,4jbtsgNhpGAzdEGrKRb7g8Mq4ToNUpBVxeye942tWfG3gcYi,4mmGUThhB711msgzwoRGTqKMiSMiQ2Fq5dJ3oHqykzAZwo45,0.31493568,1
552869,allocations.NewAllocation,1657901724,552869-4,0,4mmGUThhB711msgzwoRGTqKMiSMiQ2Fq5dJ3oHqykzAZwo45,0.31493568,1
552869,balances.Transfer,1657901724,552869-4,4jbtsgNhpGAzdEGrKRb7g8Mq4ToNUpBVxeye942tWfG3gcYi,4jbtsgNhpGB2vH7xTjpZVzZLy7W4sFyxjvD45x7X1m6BSiGx,0.08436866,1
552869,balances.Transfer,1657901724,552869-4,4jbtsgNhpGAzdEGrKRb7g8Mq4ToNUpBVxeye942tWfG3gcYi,4i9EiTmfoncMMAe7A9842wMhbputvzBqr94UoZjjJqEownqo,0.33747464,1
552869,allocations.NewAllocation,1657901724,552869-4,0,4i9EiTmfoncMMAe7A9842wMhbputvzBqr94UoZjjJqEownqo,0.33747464,1
552869,balances.Transfer,1657901724,552869-4,4jbtsgNhpGAzdEGrKRb7g8Mq4ToNUpBVxeye942tWfG3gcYi,4jbtsgNhpGB2vH7xTjpZVzZLy7W4sFyxjvD45x7X1m6BSiGx,0.0731593,1
552869,balances.Transfer,1657901724,552869-4,4jbtsgNhpGAzdEGrKRb7g8Mq4ToNUpBVxeye942tWfG3gcYi,4kcJEZ85jN2fHzb3imWijGnhW4Bwh6tnnUzDyERwFKHaEAH7,0.2926372,1
552869,allocations.NewAllocation,1657901724,552869-4,0,4kcJEZ85jN2fHzb3imWijGnhW4Bwh6tnnUzDyERwFKHaEAH7,0.2926372,1
552869,balances.Transfer,1657901724,552869-4,4jbtsgNhpGAzdEGrKRb7g8Mq4ToNUpBVxeye942tWfG3gcYi,4jbtsgNhpGB2vH7xTjpZVzZLy7W4sFyxjvD45x7X1m6BSiGx,0.07369362,1
552869,balances.Transfer,1657901724,552869-4,4jbtsgNhpGAzdEGrKRb7g8Mq4ToNUpBVxeye942tWfG3gcYi,4ne6sP4FbqtztxWMdyZeyh8yU3eNyczKFHNybn4GaE32Ga5a,0.29477448,1
552869,allocations.NewAllocation,1657901724,552869-4,0,4ne6sP4FbqtztxWMdyZeyh8yU3eNyczKFHNybn4GaE32Ga5a,0.29477448,1
552869,balances.Transfer,1657901724,552869-4,4jbtsgNhpGAzdEGrKRb7g8Mq4ToNUpBVxeye942tWfG3gcYi,4jbtsgNhpGB2vH7xTjpZVzZLy7W4sFyxjvD45x7X1m6BSiGx,0.0890481,1
552869,balances.Transfer,1657901724,552869-4,4jbtsgNhpGAzdEGrKRb7g8Mq4ToNUpBVxeye942tWfG3gcYi,4kPaKNnWqoHBeQ9mozL6kXyRuBVC4QpdKTLFDBCL5nPYnjwd,0.3561924,1
552869,allocations.NewAllocation,1657901724,552869-4,0,4kPaKNnWqoHBeQ9mozL6kXyRuBVC4QpdKTLFDBCL5nPYnjwd,0.3561924,1
552869,balances.Transfer,1657901724,552869-4,4jbtsgNhpGAzdEGrKRb7g8Mq4ToNUpBVxeye942tWfG3gcYi,4jbtsgNhpGB2vH7xTjpZVzZLy7W4sFyxjvD45x7X1m6BSiGx,0.07870384,1
552869,balances.Transfer,1657901724,552869-4,4jbtsgNhpGAzdEGrKRb7g8Mq4ToNUpBVxeye942tWfG3gcYi,4nkg1vePZNmts7LqMtFkwyjqAuNHn9Aec6WExgLhXQTCTYHu,0.31481536,1
552869,allocations.NewAllocation,1657901724,552869-4,0,4nkg1vePZNmts7LqMtFkwyjqAuNHn9Aec6WExgLhXQTCTYHu,0.31481536,1
552869,balances.Transfer,1657901724,552869-4,4jbtsgNhpGAzdEGrKRb7g8Mq4ToNUpBVxeye942tWfG3gcYi,4jbtsgNhpGB2vH7xTjpZVzZLy7W4sFyxjvD45x7X1m6BSiGx,0.0815189,1
552869,balances.Transfer,1657901724,552869-4,4jbtsgNhpGAzdEGrKRb7g8Mq4ToNUpBVxeye942tWfG3gcYi,4hPhZY9ZoEm54uVsDCdC9RLoZtnggzDbBeA4fNBnAZDGrvbV,0.3260756,1
552869,allocations.NewAllocation,1657901724,552869-4,0,4hPhZY9ZoEm54uVsDCdC9RLoZtnggzDbBeA4fNBnAZDGrvbV,0.3260756,1
552869,balances.Transfer,1657901724,552869-4,4jbtsgNhpGAzdEGrKRb7g8Mq4ToNUpBVxeye942tWfG3gcYi,4jbtsgNhpGB2vH7xTjpZVzZLy7W4sFyxjvD45x7X1m6BSiGx,0.07052466,1
552869,balances.Transfer,1657901724,552869-4,4jbtsgNhpGAzdEGrKRb7g8Mq4ToNUpBVxeye942tWfG3gcYi,4iJGHXx8qiogFPFEAx9JstjsqFJwow2P2Y1P51XSXW8C3jsG,0.28209864,1
552869,allocations.NewAllocation,1657901724,552869-4,0,4iJGHXx8qiogFPFEAx9JstjsqFJwow2P2Y1P51XSXW8C3jsG,0.28209864,1
552869,balances.Transfer,1657901724,552869-4,4jbtsgNhpGAzdEGrKRb7g8Mq4ToNUpBVxeye942tWfG3gcYi,4jbtsgNhpGB2vH7xTjpZVzZLy7W4sFyxjvD45x7X1m6BSiGx,0.08026288,1
552869,balances.Transfer,1657901724,552869-4,4jbtsgNhpGAzdEGrKRb7g8Mq4ToNUpBVxeye942tWfG3gcYi,4hHGVCf7pbaEBPEfp98MnNy4uyWy534kgsw5oLTw3BJWcF8B,0.32105152,1
552869,allocations.NewAllocation,1657901724,552869-4,0,4hHGVCf7pbaEBPEfp98MnNy4uyWy534kgsw5oLTw3BJWcF8B,0.32105152,1
552869,balances.Transfer,1657901724,552869-4,4jbtsgNhpGAzdEGrKRb7g8Mq4ToNUpBVxeye942tWfG3gcYi,4jbtsgNhpGB2vH7xTjpZVzZLy7W4sFyxjvD45x7X1m6BSiGx,0.0753105,1
552869,balances.Transfer,1657901724,552869-4,4jbtsgNhpGAzdEGrKRb7g8Mq4ToNUpBVxeye942tWfG3gcYi,4hXfcmqo8sokY5N2hTwA8y6niXb3vU9GqXv2ZTzEaWGa22fd,0.301242,1
552869,allocations.NewAllocation,1657901724,552869-4,0,4hXfcmqo8sokY5N2hTwA8y6niXb3vU9GqXv2ZTzEaWGa22fd,0.301242,1
552869,balances.Transfer,1657901724,552869-4,4jbtsgNhpGAzdEGrKRb7g8Mq4ToNUpBVxeye942tWfG3gcYi,4jbtsgNhpGB2vH7xTjpZVzZLy7W4sFyxjvD45x7X1m6BSiGx,0.08785222,1
552869,balances.Transfer,1657901724,552869-4,4jbtsgNhpGAzdEGrKRb7g8Mq4ToNUpBVxeye942tWfG3gcYi,4kCiee8TKdBMd4G6EkGVcNZRw8uqBmPMy5fiCozzUgvxyZkZ,0.35140888,1
552869,allocations.NewAllocation,1657901724,552869-4,0,4kCiee8TKdBMd4G6EkGVcNZRw8uqBmPMy5fiCozzUgvxyZkZ,0.35140888,1
552869,balances.Transfer,1657901724,552869-4,4jbtsgNhpGAzdEGrKRb7g8Mq4ToNUpBVxeye942tWfG3gcYi,4jbtsgNhpGB2vH7xTjpZVzZLy7W4sFyxjvD45x7X1m6BSiGx,0.0791711,1
552869,balances.Transfer,1657901724,552869-4,4jbtsgNhpGAzdEGrKRb7g8Mq4ToNUpBVxeye942tWfG3gcYi,4m2jbEFPDwLT6xiN75jTtzRjZkwnw2QuscRY9Jv3567igtaJ,0.3166844,1
552869,allocations.NewAllocation,1657901724,552869-4,0,4m2jbEFPDwLT6xiN75jTtzRjZkwnw2QuscRY9Jv3567igtaJ,0.3166844,1
552869,balances.Transfer,1657901724,552869-4,4jbtsgNhpGAzdEGrKRb7g8Mq4ToNUpBVxeye942tWfG3gcYi,4jbtsgNhpGB2vH7xTjpZVzZLy7W4sFyxjvD45x7X1m6BSiGx,0.07173672,1
552869,balances.Transfer,1657901724,552869-4,4jbtsgNhpGAzdEGrKRb7g8Mq4ToNUpBVxeye942tWfG3gcYi,4k2oi8ggbyjCADhcfXXEx1DGeRbxhVSx8jpouvhTVB7s2MHq,0.28694688,1
552869,allocations.NewAllocation,1657901724,552869-4,0,4k2oi8ggbyjCADhcfXXEx1DGeRbxhVSx8jpouvhTVB7s2MHq,0.28694688,1
552869,balances.Transfer,1657901724,552869-4,4jbtsgNhpGAzdEGrKRb7g8Mq4ToNUpBVxeye942tWfG3gcYi,4jbtsgNhpGB2vH7xTjpZVzZLy7W4sFyxjvD45x7X1m6BSiGx,0.0672169,1
552869,balances.Transfer,1657901724,552869-4,4jbtsgNhpGAzdEGrKRb7g8Mq4ToNUpBVxeye942tWfG3gcYi,4nLyMhyWKWmwcbAY6AG5TEp9zNqrWccYpdoWdJMhZ2Bsq6f4,0.2688676,1
552869,allocations.NewAllocation,1657901724,552869-4,0,4nLyMhyWKWmwcbAY6AG5TEp9zNqrWccYpdoWdJMhZ2Bsq6f4,0.2688676,1
552869,balances.Transfer,1657901724,552869-4,4jbtsgNhpGAzdEGrKRb7g8Mq4ToNUpBVxeye942tWfG3gcYi,4jbtsgNhpGB2vH7xTjpZVzZLy7W4sFyxjvD45x7X1m6BSiGx,0.09184004,1
552869,balances.Transfer,1657901724,552869-4,4jbtsgNhpGAzdEGrKRb7g8Mq4ToNUpBVxeye942tWfG3gcYi,4kTfQBpd8LkboH8RPRHwUYPvo7yyUi91cJZ5UWcy6vUGB4iw,0.36736016,1
552869,allocations.NewAllocation,1657901724,552869-4,0,4kTfQBpd8LkboH8RPRHwUYPvo7yyUi91cJZ5UWcy6vUGB4iw,0.36736016,1
552869,balances.Transfer,1657901724,552869-4,4jbtsgNhpGAzdEGrKRb7g8Mq4ToNUpBVxeye942tWfG3gcYi,4jbtsgNhpGB2vH7xTjpZVzZLy7W4sFyxjvD45x7X1m6BSiGx,0.082118,1
552869,balances.Transfer,1657901724,552869-4,4jbtsgNhpGAzdEGrKRb7g8Mq4ToNUpBVxeye942tWfG3gcYi,4ktBNvXSxZ2yBPuniqbcYACmFzVnw5R1rhhVPmiMGvSnBY9V,0.328472,1
552869,allocations.NewAllocation,1657901724,552869-4,0,4ktBNvXSxZ2yBPuniqbcYACmFzVnw5R1rhhVPmiMGvSnBY9V,0.328472,1
552869,balances.Transfer,1657901724,552869-4,4jbtsgNhpGAzdEGrKRb7g8Mq4ToNUpBVxeye942tWfG3gcYi,4jbtsgNhpGB2vH7xTjpZVzZLy7W4sFyxjvD45x7X1m6BSiGx,0.0717668,1
552869,balances.Transfer,1657901724,552869-4,4jbtsgNhpGAzdEGrKRb7g8Mq4ToNUpBVxeye942tWfG3gcYi,4ku4oM23aizR2Nfn6djgKbigx2MvujR6gsicihff1vkoRTa4,0.2870672,1
552869,allocations.NewAllocation,1657901724,552869-4,0,4ku4oM23aizR2Nfn6djgKbigx2MvujR6gsicihff1vkoRTa4,0.2870672,1
552869,balances.Transfer,1657901724,552869-4,4jbtsgNhpGAzdEGrKRb7g8Mq4ToNUpBVxeye942tWfG3gcYi,4jbtsgNhpGB2vH7xTjpZVzZLy7W4sFyxjvD45x7X1m6BSiGx,0.07710316,1
552869,balances.Transfer,1657901724,552869-4,4jbtsgNhpGAzdEGrKRb7g8Mq4ToNUpBVxeye942tWfG3gcYi,4jYVjUUddJJMpiK8GGXSJzuUBZ5fLZR9tkiaqBKB8pyureK9,0.30841264,1
552869,allocations.NewAllocation,1657901724,552869-4,0,4jYVjUUddJJMpiK8GGXSJzuUBZ5fLZR9tkiaqBKB8pyureK9,0.30841264,1
552869,balances.Transfer,1657901724,552869-4,4jbtsgNhpGAzdEGrKRb7g8Mq4ToNUpBVxeye942tWfG3gcYi,4jbtsgNhpGB2vH7xTjpZVzZLy7W4sFyxjvD45x7X1m6BSiGx,0.07631902,1
552869,balances.Transfer,1657901724,552869-4,4jbtsgNhpGAzdEGrKRb7g8Mq4ToNUpBVxeye942tWfG3gcYi,4iDowbY8NxNbZGfNLXisLoPtEEcbiKovSjj4XcPuJZBJwxEe,0.30527608,1
552869,allocations.NewAllocation,1657901724,552869-4,0,4iDowbY8NxNbZGfNLXisLoPtEEcbiKovSjj4XcPuJZBJwxEe,0.30527608,1
552869,balances.Transfer,1657901724,552869-4,4jbtsgNhpGAzdEGrKRb7g8Mq4ToNUpBVxeye942tWfG3gcYi,4jbtsgNhpGB2vH7xTjpZVzZLy7W4sFyxjvD45x7X1m6BSiGx,0.07819726,1
552869,balances.Transfer,1657901724,552869-4,4jbtsgNhpGAzdEGrKRb7g8Mq4ToNUpBVxeye942tWfG3gcYi,4konYbz8eMUgepQpUKE4JiVuPpsT7sPHCFcVvKEbYUpHffuZ,0.31278904,1
552869,allocations.NewAllocation,1657901724,552869-4,0,4konYbz8eMUgepQpUKE4JiVuPpsT7sPHCFcVvKEbYUpHffuZ,0.31278904,1
552869,balances.Transfer,1657901724,552869-4,4jbtsgNhpGAzdEGrKRb7g8Mq4ToNUpBVxeye942tWfG3gcYi,4jbtsgNhpGB2vH7xTjpZVzZLy7W4sFyxjvD45x7X1m6BSiGx,0.07825048,1
552869,balances.Transfer,1657901724,552869-4,4jbtsgNhpGAzdEGrKRb7g8Mq4ToNUpBVxeye942tWfG3gcYi,4jvPRwizG8Yfvb7qbahXBQTr8b5F46sgsJu1DSc3RWPby7CA,0.31300192,1
552869,allocations.NewAllocation,1657901724,552869-4,0,4jvPRwizG8Yfvb7qbahXBQTr8b5F46sgsJu1DSc3RWPby7CA,0.31300192,1
552869,balances.Transfer,1657901724,552869-4,4jbtsgNhpGAzdEGrKRb7g8Mq4ToNUpBVxeye942tWfG3gcYi,4jbtsgNhpGB2vH7xTjpZVzZLy7W4sFyxjvD45x7X1m6BSiGx,0.08532168,1
552869,balances.Transfer,1657901724,552869-4,4jbtsgNhpGAzdEGrKRb7g8Mq4ToNUpBVxeye942tWfG3gcYi,4iwGmse3EbNV7msmyZ1MLfDpAk1SLwzUiWMVCwNex9FBV6zn,0.34128672,1
552869,allocations.NewAllocation,1657901724,552869-4,0,4iwGmse3EbNV7msmyZ1MLfDpAk1SLwzUiWMVCwNex9FBV6zn,0.34128672,1
552869,balances.Transfer,1657901724,552869-4,4jbtsgNhpGAzdEGrKRb7g8Mq4ToNUpBVxeye942tWfG3gcYi,4jbtsgNhpGB2vH7xTjpZVzZLy7W4sFyxjvD45x7X1m6BSiGx,0.07872004,1
552869,balances.Transfer,1657901724,552869-4,4jbtsgNhpGAzdEGrKRb7g8Mq4ToNUpBVxeye942tWfG3gcYi,4htuCGdCrbjQxCUYUDYHAeEaCWdm1BgW6qbbsGFAjV2UGgHW,0.31488016,1
552869,allocations.NewAllocation,1657901724,552869-4,0,4htuCGdCrbjQxCUYUDYHAeEaCWdm1BgW6qbbsGFAjV2UGgHW,0.31488016,1
552869,balances.Transfer,1657901724,552869-4,4jbtsgNhpGAzdEGrKRb7g8Mq4ToNUpBVxeye942tWfG3gcYi,4jbtsgNhpGB2vH7xTjpZVzZLy7W4sFyxjvD45x7X1m6BSiGx,0.08350818,1
552869,balances.Transfer,1657901724,552869-4,4jbtsgNhpGAzdEGrKRb7g8Mq4ToNUpBVxeye942tWfG3gcYi,4k3No8ZkFW1tNT7goaV7UgY7tyjyA7ftaqHuEAmrJe2QVNsJ,0.33403272,1
552869,allocations.NewAllocation,1657901724,552869-4,0,4k3No8ZkFW1tNT7goaV7UgY7tyjyA7ftaqHuEAmrJe2QVNsJ,0.33403272,1
552869,balances.Transfer,1657901724,552869-4,4jbtsgNhpGAzdEGrKRb7g8Mq4ToNUpBVxeye942tWfG3gcYi,4jbtsgNhpGB2vH7xTjpZVzZLy7W4sFyxjvD45x7X1m6BSiGx,0.06962948,1
552869,balances.Transfer,1657901724,552869-4,4jbtsgNhpGAzdEGrKRb7g8Mq4ToNUpBVxeye942tWfG3gcYi,4kHPMYhoP4EqA6nWJNwhdzyvWzbDYNFn1GfgwBrGb3M1MMUT,0.27851792,1
552869,allocations.NewAllocation,1657901724,552869-4,0,4kHPMYhoP4EqA6nWJNwhdzyvWzbDYNFn1GfgwBrGb3M1MMUT,0.27851792,1
552869,balances.Transfer,1657901724,552869-4,4jbtsgNhpGAzdEGrKRb7g8Mq4ToNUpBVxeye942tWfG3gcYi,4jbtsgNhpGB2vH7xTjpZVzZLy7W4sFyxjvD45x7X1m6BSiGx,0.08840274,1
552869,balances.Transfer,1657901724,552869-4,4jbtsgNhpGAzdEGrKRb7g8Mq4ToNUpBVxeye942tWfG3gcYi,4kvvq9N1a3g13Sx7XJjjduSWX7vBxKPj1RkGw5nx8zhsxPAU,0.35361096,1
552869,allocations.NewAllocation,1657901724,552869-4,0,4kvvq9N1a3g13Sx7XJjjduSWX7vBxKPj1RkGw5nx8zhsxPAU,0.35361096,1
552869,balances.Transfer,1657901724,552869-4,4jbtsgNhpGAzdEGrKRb7g8Mq4ToNUpBVxeye942tWfG3gcYi,4jbtsgNhpGB2vH7xTjpZVzZLy7W4sFyxjvD45x7X1m6BSiGx,0.06676584,1
552869,balances.Transfer,1657901724,552869-4,4jbtsgNhpGAzdEGrKRb7g8Mq4ToNUpBVxeye942tWfG3gcYi,4kPGc1fFQHWDc8QxW39XNXbKfhaTGGVLiWNTFJX4LHU8wtMe,0.26706336,1
552869,allocations.NewAllocation,1657901724,552869-4,0,4kPGc1fFQHWDc8QxW39XNXbKfhaTGGVLiWNTFJX4LHU8wtMe,0.26706336,1
552869,balances.Transfer,1657901724,552869-4,4jbtsgNhpGAzdEGrKRb7g8Mq4ToNUpBVxeye942tWfG3gcYi,4jbtsgNhpGB2vH7xTjpZVzZLy7W4sFyxjvD45x7X1m6BSiGx,0.06929176,1
552869,balances.Transfer,1657901724,552869-4,4jbtsgNhpGAzdEGrKRb7g8Mq4ToNUpBVxeye942tWfG3gcYi,4it4rWDw99Ki69MKMboUULA6vZE6XNU7fxPUmXNgf8a1yMJz,0.27716704,1
552869,allocations.NewAllocation,1657901724,552869-4,0,4it4rWDw99Ki69MKMboUULA6vZE6XNU7fxPUmXNgf8a1yMJz,0.27716704,1
552869,balances.Transfer,1657901724,552869-4,4jbtsgNhpGAzdEGrKRb7g8Mq4ToNUpBVxeye942tWfG3gcYi,4jbtsgNhpGB2vH7xTjpZVzZLy7W4sFyxjvD45x7X1m6BSiGx,0.08775276,1
552869,balances.Transfer,1657901724,552869-4,4jbtsgNhpGAzdEGrKRb7g8Mq4ToNUpBVxeye942tWfG3gcYi,4huJTMo5jmGKnwK6qRaCimt2H8Vny13TEPzbAFad1W6xrnTh,0.35101104,1
552869,allocations.NewAllocation,1657901724,552869-4,0,4huJTMo5jmGKnwK6qRaCimt2H8Vny13TEPzbAFad1W6xrnTh,0.35101104,1
552869,balances.Transfer,1657901724,552869-4,4jbtsgNhpGAzdEGrKRb7g8Mq4ToNUpBVxeye942tWfG3gcYi,4jbtsgNhpGB2vH7xTjpZVzZLy7W4sFyxjvD45x7X1m6BSiGx,0.08092906,1
552869,balances.Transfer,1657901724,552869-4,4jbtsgNhpGAzdEGrKRb7g8Mq4ToNUpBVxeye942tWfG3gcYi,4nbL2AMFAkQZmAZ7JuBNXyoZhaQpLo7RNbGebpp5kWx6puKx,0.32371624,1
552869,allocations.NewAllocation,1657901724,552869-4,0,4nbL2AMFAkQZmAZ7JuBNXyoZhaQpLo7RNbGebpp5kWx6puKx,0.32371624,1
552869,balances.Transfer,1657901724,552869-4,4jbtsgNhpGAzdEGrKRb7g8Mq4ToNUpBVxeye942tWfG3gcYi,4jbtsgNhpGB2vH7xTjpZVzZLy7W4sFyxjvD45x7X1m6BSiGx,0.08418594,1
552869,balances.Transfer,1657901724,552869-4,4jbtsgNhpGAzdEGrKRb7g8Mq4ToNUpBVxeye942tWfG3gcYi,4iappp3Cu1kNKjuhjfZf6py7RZRneVYKkEabhYcMHZK3ghSW,0.33674376,1
552869,allocations.NewAllocation,1657901724,552869-4,0,4iappp3Cu1kNKjuhjfZf6py7RZRneVYKkEabhYcMHZK3ghSW,0.33674376,1
552869,balances.Transfer,1657901724,552869-4,4jbtsgNhpGAzdEGrKRb7g8Mq4ToNUpBVxeye942tWfG3gcYi,4jbtsgNhpGB2vH7xTjpZVzZLy7W4sFyxjvD45x7X1m6BSiGx,0.08321442,1
552869,balances.Transfer,1657901724,552869-4,4jbtsgNhpGAzdEGrKRb7g8Mq4ToNUpBVxeye942tWfG3gcYi,4j3nbvNTRbGQRV9b6BFx8akg9P9hKfgPHj2vL79fonGrBGtc,0.33285768,1
552869,allocations.NewAllocation,1657901724,552869-4,0,4j3nbvNTRbGQRV9b6BFx8akg9P9hKfgPHj2vL79fonGrBGtc,0.33285768,1
552869,balances.Transfer,1657901724,552869-4,4jbtsgNhpGAzdEGrKRb7g8Mq4ToNUpBVxeye942tWfG3gcYi,4jbtsgNhpGB2vH7xTjpZVzZLy7W4sFyxjvD45x7X1m6BSiGx,0.08522452,1
552869,balances.Transfer,1657901724,552869-4,4jbtsgNhpGAzdEGrKRb7g8Mq4ToNUpBVxeye942tWfG3gcYi,4jz9NwfixpifBx8Zer2NrPE1NAZPdB7UPPCWzEJ2GdfBSkTJ,0.34089808,1
552869,allocations.NewAllocation,1657901724,552869-4,0,4jz9NwfixpifBx8Zer2NrPE1NAZPdB7UPPCWzEJ2GdfBSkTJ,0.34089808,1
552869,balances.Transfer,1657901724,552869-4,4jbtsgNhpGAzdEGrKRb7g8Mq4ToNUpBVxeye942tWfG3gcYi,4jbtsgNhpGB2vH7xTjpZVzZLy7W4sFyxjvD45x7X1m6BSiGx,0.07824354,1
552869,balances.Transfer,1657901724,552869-4,4jbtsgNhpGAzdEGrKRb7g8Mq4ToNUpBVxeye942tWfG3gcYi,4kPCfbGBLrcPkCknqJSo3GGhFS2HZccWkAHaNnJMfBHP1xCp,0.31297416,1
552869,allocations.NewAllocation,1657901724,552869-4,0,4kPCfbGBLrcPkCknqJSo3GGhFS2HZccWkAHaNnJMfBHP1xCp,0.31297416,1
552869,balances.Transfer,1657901724,552869-4,4jbtsgNhpGAzdEGrKRb7g8Mq4ToNUpBVxeye942tWfG3gcYi,4jbtsgNhpGB2vH7xTjpZVzZLy7W4sFyxjvD45x7X1m6BSiGx,0.08086892,1
552869,balances.Transfer,1657901724,552869-4,4jbtsgNhpGAzdEGrKRb7g8Mq4ToNUpBVxeye942tWfG3gcYi,4jfXa38oAb2KfLMapcs6uNnaxDKyPEGi7afBcqM4siWyXKa9,0.32347568,1
552869,allocations.NewAllocation,1657901724,552869-4,0,4jfXa38oAb2KfLMapcs6uNnaxDKyPEGi7afBcqM4siWyXKa9,0.32347568,1
